cb_in_id;tanggal;amount_in;keterangan;posted_date;unit
VI-2401-0003;23/01/2024;50000;TOKEN A1225;23/01/2024;A1225
VI-2401-0004;23/01/2024;50000;TOKEN A0302;23/01/2024;A0302
VI-2401-0005;23/01/2024;150000;TOKEN A0308;23/01/2024;A0308
VI-2401-0006;23/01/2024;50000;TOKEN C0316;23/01/2024;C0316
VI-2401-0007;23/01/2024;50000;TOKEN A0520;23/01/2024;A0520
VI-2401-0008;23/01/2024;50000;TOKEN B0615;23/01/2024;B0615
VI-2401-0009;23/01/2024;100000;TOKEN KOB12;23/01/2024;KOB12
VI-2401-0010;23/01/2024;50000;TOKEN B1923;23/01/2024;B1923
VI-2401-0011;23/01/2024;100000;TOKEN B0502;23/01/2024;B0502
VI-2401-0012;23/01/2024;150000;TOKEN C1033;23/01/2024;C1033
VI-2401-0013;23/01/2024;50000;TOKEN B0310;23/01/2024;B0310
VI-2401-0014;23/01/2024;100000;TOKEN B1730;23/01/2024;B1730
VI-2401-0015;23/01/2024;150000;TOKEN C2217;23/01/2024;C2217
VI-2401-0016;23/01/2024;50000;TOKEN C0123;23/01/2024;C0123
VI-2401-0017;23/01/2024;50000;TOKEN B0107;23/01/2024;B0107
VI-2401-0018;23/01/2024;100000;TOKEN KOA01;23/01/2024;KOA01
VI-2401-0019;23/01/2024;50000;TOKEN KOA02;23/01/2024;KOA02
VI-2401-0020;23/01/2024;100000;TOKEN KOA17;23/01/2024;KOA17
VI-2401-0021;23/01/2024;50000;TOKEN C0906;23/01/2024;C0906
VI-2401-0022;23/01/2024;100000;TOKEN A1029;23/01/2024;A1029
VI-2401-0023;23/01/2024;100000;TOKEN C2227;23/01/2024;C2227
VI-2401-0024;23/01/2024;200000;TOKEN C0802;23/01/2024;C0802
VI-2402-0651;05/02/2024;50000;Token Unit TA/02/26;17/04/2024;A0226
VI-2402-0652;05/02/2024;50000;Token Unit TC/12/01;17/04/2024;C1201
VI-2402-0654;05/02/2024;50000;Token Unit TD/18/05;17/04/2024;D1805
VI-2402-0658;05/02/2024;50000;Token Unit TB/10/15;17/04/2024;B1015
VI-2402-0660;05/02/2024;100000;Token Unit TC/01/30;17/04/2024;C0130
VI-2402-0661;05/02/2024;50000;Token Unit TC/03/05;17/04/2024;C0305
VI-2402-0662;05/02/2024;300000;Token Unit TC/02/15;17/04/2024;C0215
VI-2402-0665;05/02/2024;50000;Token Unit TA/06/22;17/04/2024;A0622
VI-2402-0672;05/02/2024;100000;Token Unit TD/15/24;17/04/2024;D1524
VI-2402-0673;05/02/2024;100000;Token Unit TD/09/02;17/04/2024;D0902
VI-2402-0674;05/02/2024;100000;Token Unit TA/15/07;17/04/2024;A1507
VI-2402-0675;05/02/2024;100000;Token Unit TA/16/06;17/04/2024;A1606
VI-2402-0676;05/02/2024;100000;Token Unit TB/03/10;17/04/2024;B0310
VI-2402-0677;05/02/2024;100000;Token Unit TA/21/05;17/04/2024;A2105
VI-2402-0679;05/02/2024;50000;Token Unit TB/07/20;17/04/2024;B0720
VI-2402-0680;05/02/2024;50000;Token Unit TB/02/27;17/04/2024;B0227
VI-2402-0681;05/02/2024;50000;Token Unit TA/03/25;17/04/2024;A0325
VI-2402-0682;05/02/2024;500000;Token Unit TA/11/20;17/04/2024;A1120
VI-2402-0689;05/02/2024;50000;Token Unit TD/05/12;17/04/2024;D0512
VI-2402-0690;05/02/2024;300000;Token Unit TB/15/29;17/04/2024;B1529
VI-2402-0694;05/02/2024;50000;Token Unit TC/09/32;17/04/2024;C0932
VI-2402-3899;01/02/2024;50000;Token Unit TA/05/26;17/04/2024;A0526
VI-2402-0695;05/02/2024;50000;Token Unit TA/23/23;17/04/2024;A2323
VI-2402-0701;05/02/2024;100000;Token Unit TB/11/01;17/04/2024;B1101
VI-2402-0703;05/02/2024;100000;Token Unit TC/22/30;17/04/2024;C2230
VI-2402-0710;05/02/2024;100000;Token Unit TA/10/11;17/04/2024;A1011
VI-2402-0713;05/02/2024;50000;Token Unit TA/16/08;17/04/2024;A1608
VI-2402-0714;05/02/2024;50000;Token Unit TC/06/19;17/04/2024;C0619
VI-2402-0718;05/02/2024;500000;Token Unit TB/02/23;17/04/2024;B0223
VI-2402-3857;01/02/2024;50000;Token Unit TA/06/22;17/04/2024;A0622
VI-2402-0726;05/02/2024;50000;Token Unit TA/02/24;17/04/2024;A0224
VI-2402-0727;05/02/2024;100000;Token Unit TC/10/18;17/04/2024;C1018
VI-2402-0729;05/02/2024;50000;Token Unit TC/01/23;17/04/2024;C0123
VI-2402-0733;05/02/2024;100000;Token Unit TA/18/22;17/04/2024;A1822
VI-2402-0734;05/02/2024;100000;Token Unit TD/22/10;17/04/2024;D2210
VI-2402-0737;05/02/2024;100000;Token Unit TA/01/05;17/04/2024;A0105
VI-2402-0739;06/02/2024;50000;Token Unit TB/06/05;17/04/2024;B0605
VI-2402-0742;06/02/2024;100000;Token Unit TC/09/24;17/04/2024;C0924
VI-2402-3797;01/02/2024;150000;Token Unit TB/21/18;17/04/2024;B2118
VI-2402-0745;06/02/2024;50000;Token Unit TA/08/32;17/04/2024;A0832
VI-2402-0746;06/02/2024;100000;Token Unit TB/19/10;17/04/2024;B1910
VI-2402-0751;06/02/2024;100000;Token Unit TA/20/27;17/04/2024;A2027
VI-2402-0753;06/02/2024;200000;Token Unit TA/02/19;17/04/2024;A0219
VI-2402-0754;06/02/2024;100000;Token Unit TB/03/28;17/04/2024;B0328
VI-2402-0755;06/02/2024;50000;Token Unit TD/19/07;17/04/2024;D1907
VI-2402-0756;06/02/2024;100000;Token Unit TD/08/10;17/04/2024;D0810
VI-2402-0757;06/02/2024;100000;Token Unit TB/12/24;17/04/2024;B1224
VI-2402-0760;06/02/2024;50000;Token Unit TB/17/20;17/04/2024;B1720
VI-2402-0761;06/02/2024;500000;Token Unit TB/01/02;17/04/2024;B0102
VI-2402-0764;06/02/2024;500000;Token Unit TB/01/02;17/04/2024;B0102
VI-2402-0766;06/02/2024;500000;Token Unit TB/01/02;17/04/2024;B0102
VI-2402-0767;06/02/2024;500000;Token Unit TB/01/02;17/04/2024;B0102
VI-2402-0769;06/02/2024;50000;Token Unit TD/23/12;17/04/2024;D2312
VI-2402-0771;06/02/2024;500000;Token Unit TB/01/02;17/04/2024;B0102
VI-2402-0772;06/02/2024;50000;Token Unit TA/09/07;17/04/2024;A0907
VI-2402-0787;06/02/2024;300000;Token Unit TA/22/17;17/04/2024;A2217
VI-2402-0793;06/02/2024;50000;Token Unit TC/11/25;17/04/2024;C1125
VI-2402-0794;06/02/2024;50000;Token Unit TB/08/31;17/04/2024;B0831
VI-2402-0795;06/02/2024;50000;Token Unit TD/16/12;17/04/2024;D1612
VI-2402-0800;06/02/2024;100000;Token Unit TD/18/22;17/04/2024;D1822
VI-2402-0803;06/02/2024;50000;Token Unit TC/19/01;17/04/2024;C1901
VI-2402-0804;06/02/2024;50000;Token Unit TC/21/23;17/04/2024;C2123
VI-2402-0806;06/02/2024;50000;Token Unit TB/15/01;17/04/2024;B1501
VI-2402-0807;06/02/2024;50000;Token Unit TA/17/20;17/04/2024;A1720
VI-2402-3798;01/02/2024;50000;Token Unit TB/18/16;17/04/2024;B1816
VI-2402-0814;06/02/2024;50000;Token Unit TD/17/16;17/04/2024;D1716
VI-2402-0816;06/02/2024;50000;Token Unit TA/05/26;17/04/2024;A0526
VI-2402-0817;06/02/2024;50000;Token Unit TD/22/15;17/04/2024;D2215
VI-2402-0818;06/02/2024;50000;Token Unit TA/10/28;17/04/2024;A1028
VI-2402-0821;06/02/2024;50000;Token Unit TD/23/03;17/04/2024;D2303
VI-2402-0822;06/02/2024;50000;Token Unit TB/02/22;17/04/2024;B0222
VI-2402-0823;06/02/2024;50000;Token Unit TA/22/05;17/04/2024;A2205
VI-2402-0829;06/02/2024;50000;Token Unit TB/20/31;17/04/2024;B2031
VI-2402-0834;06/02/2024;100000;Token Unit TC/19/16;17/04/2024;C1916
VI-2402-3870;01/02/2024;400000;Token Unit TC/01/11;17/04/2024;C0111
VI-2402-0847;06/02/2024;200000;Token Unit TD/08/32;17/04/2024;D0832
VI-2402-0848;06/02/2024;50000;Token Unit TC/07/16;17/04/2024;C0716
VI-2402-0849;06/02/2024;100000;Token Unit TC/12/06;17/04/2024;C1206
VI-2402-0850;06/02/2024;100000;Token Unit TA/12/29;17/04/2024;A1229
VI-2402-0851;06/02/2024;50000;Token Unit TC/05/28;17/04/2024;C0528
VI-2402-0852;06/02/2024;100000;Token Unit TB/16/06;17/04/2024;B1606
VI-2402-0853;06/02/2024;200000;Token Unit TA/06/02;17/04/2024;A0602
VI-2402-0854;06/02/2024;100000;Token Unit TD/08/08;17/04/2024;D0808
VI-2402-0855;06/02/2024;50000;Token Unit TD/17/03;17/04/2024;D1703
VI-2402-3871;01/02/2024;100000;Token Unit TC/09/06;17/04/2024;C0906
VI-2402-0859;07/02/2024;50000;Token Unit TC/22/03;17/04/2024;C2203
VI-2402-0860;07/02/2024;100000;Token Unit TC/07/11;17/04/2024;C0711
VI-2402-0862;07/02/2024;100000;Token Unit TB/19/03;17/04/2024;B1903
VI-2402-0863;07/02/2024;100000;Token Unit TA/06/19;17/04/2024;A0619
VI-2402-0865;07/02/2024;100000;Token Unit TD/02/07;17/04/2024;D0207
VI-2402-0866;07/02/2024;100000;Token Unit TA/21/09;17/04/2024;A2109
VI-2402-0868;07/02/2024;100000;Token Unit TB/10/05;17/04/2024;B1005
VI-2402-0870;07/02/2024;50000;Token Unit TC/03/28;17/04/2024;C0328
VI-2402-0873;07/02/2024;50000;Token Unit TB/18/16;17/04/2024;B1816
VI-2402-0875;07/02/2024;100000;Token Unit TD/03/17;17/04/2024;D0317
VI-2402-0879;07/02/2024;50000;Token Unit TB/05/28;17/04/2024;B0528
VI-2402-0884;07/02/2024;100000;Token Unit TD/18/34;17/04/2024;D1834
VI-2402-0886;07/02/2024;100000;Token Unit TA/08/08;17/04/2024;A0808
VI-2402-0888;07/02/2024;50000;Token Unit TB/03/12;17/04/2024;B0312
VI-2402-0889;07/02/2024;100000;Token Unit TB/19/16;17/04/2024;B1916
VI-2402-0890;07/02/2024;200000;Token Unit TA/07/31;17/04/2024;A0731
VI-2402-0891;07/02/2024;50000;Token Unit TA/19/34;17/04/2024;A1934
VI-2402-0895;07/02/2024;50000;Token Unit TA/17/08;17/04/2024;A1708
VI-2402-0898;07/02/2024;100000;Token Unit TB/19/18;17/04/2024;B1918
VI-2402-0899;07/02/2024;50000;Token Unit TC/06/02;17/04/2024;C0602
VI-2402-0900;07/02/2024;100000;Token Unit TB/17/08;17/04/2024;B1708
VI-2402-3947;02/02/2024;100000;Token Unit TD/06/15;17/04/2024;D0615
VI-2402-0902;07/02/2024;50000;Token Unit TB/07/09;17/04/2024;B0709
VI-2402-0903;07/02/2024;50000;Token Unit TA/10/07;17/04/2024;A1007
VI-2402-0904;07/02/2024;50000;Token Unit TA/09/07;17/04/2024;A0907
VI-2402-0906;07/02/2024;50000;Token Unit TD/20/29;17/04/2024;D2029
VI-2402-0909;07/02/2024;50000;Token Unit TA/05/03;17/04/2024;A0503
VI-2402-0910;07/02/2024;50000;Token Unit TD/02/09;17/04/2024;D0209
VI-2402-0911;07/02/2024;50000;Token Unit TC/09/05;17/04/2024;C0905
VI-2402-0912;07/02/2024;50000;Token Unit TA/10/30;17/04/2024;A1030
VI-2402-0914;07/02/2024;50000;Token Unit TD/09/26;17/04/2024;D0926
VI-2402-0916;07/02/2024;50000;Token Unit TC/16/11;17/04/2024;C1611
VI-2402-0917;07/02/2024;50000;Token Unit TD/21/02;17/04/2024;D2102
VI-2402-0920;07/02/2024;50000;Token Unit TB/09/20;17/04/2024;B0920
VI-2402-0922;07/02/2024;100000;Token Unit TC/09/32;17/04/2024;C0932
VI-2402-0923;07/02/2024;100000;Token Unit TB/22/18;17/04/2024;B2218
VI-2402-0924;07/02/2024;100000;Token Unit TB/11/31;17/04/2024;B1131
VI-2402-0925;07/02/2024;50000;Token Unit TB/16/10;17/04/2024;B1610
VI-2402-0926;07/02/2024;100000;Token Unit TB/01/19;17/04/2024;B0119
VI-2402-0930;07/02/2024;100000;Token Unit TC/20/18;17/04/2024;C2018
VI-2402-0932;07/02/2024;100000;Token Unit TC/21/21;17/04/2024;C2121
VI-2402-0933;07/02/2024;100000;Token Unit TB/11/11;17/04/2024;B1111
VI-2402-0939;07/02/2024;50000;Token Unit TA/06/22;17/04/2024;A0622
VI-2402-0940;07/02/2024;50000;Token Unit TD/17/09;17/04/2024;D1709
VI-2402-0941;07/02/2024;100000;Token Unit TA/18/19;17/04/2024;A1819
VI-2402-3827;01/02/2024;50000;Token Unit TA/10/07;17/04/2024;A1007
VI-2402-0945;07/02/2024;50000;Token Unit TD/23/02;17/04/2024;D2302
VI-2402-0946;07/02/2024;50000;Token Unit TA/15/16;17/04/2024;A1516
VI-2402-0948;07/02/2024;50000;Token Unit TB/02/18;17/04/2024;B0218
VI-2402-0949;07/02/2024;50000;Token Unit TA/15/34;17/04/2024;A1534
VI-2402-0956;07/02/2024;100000;Token Unit TA/07/22;17/04/2024;A0722
VI-2402-0960;07/02/2024;100000;Token Unit TA/10/29;17/04/2024;A1029
VI-2402-0966;07/02/2024;100000;Token Unit TD/10/28;17/04/2024;D1028
VI-2402-3964;02/02/2024;50000;Token Unit TB/23/26;17/04/2024;B2326
VI-2402-0976;08/02/2024;50000;Token Unit TB/06/28;17/04/2024;B0628
VI-2402-0977;08/02/2024;100000;Token Unit TB/05/16;17/04/2024;B0516
VI-2402-0978;08/02/2024;50000;Token Unit TB/20/23;17/04/2024;B2023
VI-2402-0980;08/02/2024;100000;Token Unit TD/03/10;17/04/2024;D0310
VI-2402-0981;08/02/2024;100000;Token Unit TA/07/34;17/04/2024;A0734
VI-2402-0982;08/02/2024;100000;Token Unit TA/18/17;17/04/2024;A1817
VI-2402-0989;08/02/2024;100000;Token Unit TB/07/30;17/04/2024;B0730
VI-2402-3859;01/02/2024;50000;Token Unit TD/06/07;17/04/2024;D0607
VI-2402-0992;08/02/2024;50000;Token Unit TC/09/24;17/04/2024;C0924
VI-2402-0993;08/02/2024;50000;Token Unit TD/09/34;17/04/2024;D0934
VI-2402-0994;08/02/2024;50000;Token Unit TB/03/22;17/04/2024;B0322
VI-2402-0995;08/02/2024;200000;Token Unit TA/17/10;17/04/2024;A1710
VI-2402-0996;08/02/2024;50000;Token Unit TD/22/22;17/04/2024;D2222
VI-2402-0998;08/02/2024;50000;Token Unit TC/15/33;17/04/2024;C1533
VI-2402-0999;08/02/2024;50000;Token Unit TB/17/16;17/04/2024;B1716
VI-2402-1001;08/02/2024;50000;Token Unit TA/09/30;17/04/2024;A0930
VI-2402-1002;08/02/2024;50000;Token Unit TA/22/15;17/04/2024;A2215
VI-2402-1003;08/02/2024;50000;Token Unit TA/16/09;17/04/2024;A1609
VI-2402-1004;08/02/2024;50000;Token Unit TA/15/21;17/04/2024;A1521
VI-2402-1010;08/02/2024;50000;Token Unit TB/12/09;17/04/2024;B1209
VI-2402-1012;08/02/2024;100000;Token Unit TC/06/08;17/04/2024;C0608
VI-2402-3920;01/02/2024;100000;Token Unit TA/02/30;17/04/2024;A0230
VI-2402-4207;04/02/2024;50000;Token Unit TA/11/33;17/04/2024;A1133
VI-2402-4208;04/02/2024;50000;Token Unit TB/15/01;17/04/2024;B1501
VI-2402-4213;04/02/2024;50000;Token Unit TB/03/22;17/04/2024;B0322
VI-2402-4214;04/02/2024;50000;Token Unit TD/09/34;17/04/2024;D0934
VI-2402-4215;04/02/2024;100000;Token Unit TC/09/24;17/04/2024;C0924
VI-2402-4217;04/02/2024;100000;Token Unit TD/19/20;17/04/2024;D1920
VI-2402-4219;04/02/2024;100000;Token Unit TB/08/22;17/04/2024;B0822
VI-2402-4220;04/02/2024;100000;Token Unit TD/17/12;17/04/2024;D1712
VI-2402-4228;04/02/2024;50000;Token Unit TA/20/31;17/04/2024;A2031
VI-2402-4229;04/02/2024;200000;Token Unit TD/20/05;17/04/2024;D2005
VI-2402-4230;04/02/2024;200000;Token Unit TB/03/16;17/04/2024;B0316
VI-2402-4234;04/02/2024;50000;Token Unit TA/06/33;17/04/2024;A0633
VI-2402-4236;04/02/2024;100000;Token Unit TD/21/01;17/04/2024;D2101
VI-2402-4237;04/02/2024;100000;Token Unit TC/09/08;17/04/2024;C0908
VI-2402-4239;04/02/2024;100000;Token Unit TB/18/03;17/04/2024;B1803
VI-2402-4244;04/02/2024;100000;Token Unit TA/01/20;17/04/2024;A0120
VI-2402-4247;04/02/2024;300000;Token Unit TD/18/08;17/04/2024;D1808
VI-2402-4254;04/02/2024;50000;Token Unit TA/02/10;17/04/2024;A0210
VI-2402-4258;04/02/2024;50000;Token Unit TA/05/26;17/04/2024;A0526
VI-2402-4262;04/02/2024;50000;Token Unit TD/20/30;17/04/2024;D2030
VI-2402-4263;04/02/2024;100000;Token Unit TD/03/15;17/04/2024;D0315
VI-2402-4264;04/02/2024;100000;Token Unit TB/23/20;17/04/2024;B2320
VI-2402-4267;04/02/2024;50000;Token Unit TC/01/03;17/04/2024;C0103
VI-2402-4269;04/02/2024;50000;Token Unit TB/12/24;17/04/2024;B1224
VI-2402-4270;04/02/2024;50000;Token Unit TD/16/23;17/04/2024;D1623
VI-2402-4274;04/02/2024;50000;Token Unit TA/03/34;17/04/2024;A0334
VI-2402-4275;04/02/2024;50000;Token Unit TD/19/10;17/04/2024;D1910
VI-2402-4276;04/02/2024;50000;Token Unit TB/18/24;17/04/2024;B1824
VI-2402-4279;04/02/2024;100000;Token Unit TB/12/32;17/04/2024;B1232
VI-2402-4281;04/02/2024;50000;Token Unit TA/12/12;17/04/2024;A1212
VI-2402-4282;04/02/2024;50000;Token Unit TC/07/17;17/04/2024;C0717
VI-2402-4283;04/02/2024;50000;Token Unit TA/10/27;17/04/2024;A1027
VI-2402-4284;04/02/2024;50000;Token Unit TA/20/18;17/04/2024;A2018
VI-2402-4291;04/02/2024;50000;Token Unit TD/17/09;17/04/2024;D1709
VI-2402-4295;04/02/2024;100000;Token Unit TC/15/22;17/04/2024;C1522
VI-2402-4299;04/02/2024;50000;Token Unit TC/21/18;17/04/2024;C2118
VI-2402-4305;04/02/2024;100000;Token Unit TC/05/16;17/04/2024;C0516
VI-2402-4307;04/02/2024;100000;Token Unit TB/22/09;17/04/2024;B2209
VI-2402-4312;04/02/2024;50000;Token Unit TD/23/21;17/04/2024;D2321
VI-2402-4314;04/02/2024;50000;Token Unit TD/21/08;17/04/2024;D2108
VI-2402-4317;04/02/2024;100000;Token Unit TC/16/28;17/04/2024;C1628
VI-2402-4318;04/02/2024;50000;Token Unit TB/16/28;17/04/2024;B1628
VI-2402-4320;04/02/2024;50000;Token Unit TB/06/01;17/04/2024;B0601
VI-2402-4330;05/02/2024;50000;Token Unit TC/19/22;17/04/2024;C1922
VI-2402-4332;05/02/2024;100000;Token Unit TD/09/05;17/04/2024;D0905
VI-2402-4335;05/02/2024;100000;Token Unit TD/20/23;17/04/2024;D2023
VI-2402-4337;05/02/2024;100000;Token Unit TD/09/29;17/04/2024;D0929
VI-2402-4339;05/02/2024;50000;Token Unit TC/11/25;17/04/2024;C1125
VI-2402-4341;05/02/2024;50000;Token Unit TD/16/29;17/04/2024;D1629
VI-2402-4343;05/02/2024;50000;Token Unit TB/09/29;17/04/2024;B0929
VI-2402-4344;05/02/2024;50000;Token Unit TB/19/34;17/04/2024;B1934
VI-2402-4345;05/02/2024;50000;Token Unit TC/18/33;17/04/2024;C1833
VI-2402-4347;05/02/2024;100000;Token Unit TC/18/25;17/04/2024;C1825
VI-2402-4348;05/02/2024;100000;Token Unit TD/17/08;17/04/2024;D1708
VI-2402-4350;05/02/2024;50000;Token Unit TC/06/33;17/04/2024;C0633
VI-2402-4351;05/02/2024;100000;Token Unit TA/12/34;17/04/2024;A1234
VI-2402-4352;05/02/2024;50000;Token Unit TA/06/10;17/04/2024;A0610
VI-2402-4356;05/02/2024;50000;Token Unit TC/23/19;17/04/2024;C2319
VI-2402-4357;05/02/2024;50000;Token Unit TC/09/01;17/04/2024;C0901
VI-2402-4359;05/02/2024;300000;Token Unit TC/16/19;17/04/2024;C1619
VI-2402-4360;05/02/2024;100000;Token Unit TD/20/34;17/04/2024;D2034
VI-2402-4363;05/02/2024;50000;Token Unit TA/02/26;17/04/2024;A0226
VI-2402-4364;05/02/2024;50000;Token Unit TC/12/01;17/04/2024;C1201
VI-2402-4366;05/02/2024;50000;Token Unit TD/18/05;17/04/2024;D1805
VI-2402-4370;05/02/2024;50000;Token Unit TB/10/15;17/04/2024;B1015
VI-2402-4372;05/02/2024;100000;Token Unit TC/01/30;17/04/2024;C0130
VI-2402-4373;05/02/2024;50000;Token Unit TC/03/05;17/04/2024;C0305
VI-2402-4374;05/02/2024;300000;Token Unit TC/02/15;17/04/2024;C0215
VI-2402-4377;05/02/2024;50000;Token Unit TA/06/22;17/04/2024;A0622
VI-2402-4384;05/02/2024;100000;Token Unit TD/15/24;17/04/2024;D1524
VI-2402-4385;05/02/2024;100000;Token Unit TD/09/02;17/04/2024;D0902
VI-2402-4386;05/02/2024;100000;Token Unit TA/15/07;17/04/2024;A1507
VI-2402-4387;05/02/2024;100000;Token Unit TA/16/06;17/04/2024;A1606
VI-2402-4388;05/02/2024;100000;Token Unit TB/03/10;17/04/2024;B0310
VI-2402-4389;05/02/2024;100000;Token Unit TA/21/05;17/04/2024;A2105
VI-2402-4391;05/02/2024;50000;Token Unit TB/07/20;17/04/2024;B0720
VI-2402-4392;05/02/2024;50000;Token Unit TB/02/27;17/04/2024;B0227
VI-2402-4393;05/02/2024;50000;Token Unit TA/03/25;17/04/2024;A0325
VI-2402-4394;05/02/2024;500000;Token Unit TA/11/20;17/04/2024;A1120
VI-2402-4401;05/02/2024;50000;Token Unit TD/05/12;17/04/2024;D0512
VI-2402-4402;05/02/2024;300000;Token Unit TB/15/29;17/04/2024;B1529
VI-2402-4406;05/02/2024;50000;Token Unit TC/09/32;17/04/2024;C0932
VI-2402-4407;05/02/2024;50000;Token Unit TA/23/23;17/04/2024;A2323
VI-2402-4413;05/02/2024;100000;Token Unit TB/11/01;17/04/2024;B1101
VI-2402-4415;05/02/2024;100000;Token Unit TC/22/30;17/04/2024;C2230
VI-2402-4422;05/02/2024;100000;Token Unit TA/10/11;17/04/2024;A1011
VI-2402-4425;05/02/2024;50000;Token Unit TA/16/08;17/04/2024;A1608
VI-2402-4426;05/02/2024;50000;Token Unit TC/06/19;17/04/2024;C0619
VI-2402-4430;05/02/2024;500000;Token Unit TB/02/23;17/04/2024;B0223
VI-2402-4438;05/02/2024;50000;Token Unit TA/02/24;17/04/2024;A0224
VI-2402-4439;05/02/2024;100000;Token Unit TC/10/18;17/04/2024;C1018
VI-2402-4441;05/02/2024;50000;Token Unit TC/01/23;17/04/2024;C0123
VI-2402-4445;05/02/2024;100000;Token Unit TA/18/22;17/04/2024;A1822
VI-2402-4446;05/02/2024;100000;Token Unit TD/22/10;17/04/2024;D2210
VI-2402-4449;05/02/2024;100000;Token Unit TA/01/05;17/04/2024;A0105
VI-2402-4451;06/02/2024;50000;Token Unit TB/06/05;17/04/2024;B0605
VI-2402-4454;06/02/2024;100000;Token Unit TC/09/24;17/04/2024;C0924
VI-2402-4457;06/02/2024;50000;Token Unit TA/08/32;17/04/2024;A0832
VI-2402-4458;06/02/2024;100000;Token Unit TB/19/10;17/04/2024;B1910
VI-2402-4463;06/02/2024;100000;Token Unit TA/20/27;17/04/2024;A2027
VI-2402-4465;06/02/2024;200000;Token Unit TA/02/19;17/04/2024;A0219
VI-2402-4466;06/02/2024;100000;Token Unit TB/03/28;17/04/2024;B0328
VI-2402-4467;06/02/2024;50000;Token Unit TD/19/07;17/04/2024;D1907
VI-2402-4468;06/02/2024;100000;Token Unit TD/08/10;17/04/2024;D0810
VI-2402-4469;06/02/2024;100000;Token Unit TB/12/24;17/04/2024;B1224
VI-2402-4472;06/02/2024;50000;Token Unit TB/17/20;17/04/2024;B1720
VI-2402-4473;06/02/2024;500000;Token Unit TB/01/02;17/04/2024;B0102
VI-2402-4476;06/02/2024;500000;Token Unit TB/01/02;17/04/2024;B0102
VI-2402-4478;06/02/2024;500000;Token Unit TB/01/02;17/04/2024;B0102
VI-2402-4479;06/02/2024;500000;Token Unit TB/01/02;17/04/2024;B0102
VI-2402-4481;06/02/2024;50000;Token Unit TD/23/12;17/04/2024;D2312
VI-2402-4483;06/02/2024;500000;Token Unit TB/01/02;17/04/2024;B0102
VI-2402-4484;06/02/2024;50000;Token Unit TA/09/07;17/04/2024;A0907
VI-2402-4499;06/02/2024;300000;Token Unit TA/22/17;17/04/2024;A2217
VI-2402-4505;06/02/2024;50000;Token Unit TC/11/25;17/04/2024;C1125
VI-2402-4506;06/02/2024;50000;Token Unit TB/08/31;17/04/2024;B0831
VI-2402-4507;06/02/2024;50000;Token Unit TD/16/12;17/04/2024;D1612
VI-2402-4512;06/02/2024;100000;Token Unit TD/18/22;17/04/2024;D1822
VI-2402-4515;06/02/2024;50000;Token Unit TC/19/01;17/04/2024;C1901
VI-2402-4516;06/02/2024;50000;Token Unit TC/21/23;17/04/2024;C2123
VI-2402-4518;06/02/2024;50000;Token Unit TB/15/01;17/04/2024;B1501
VI-2402-4519;06/02/2024;50000;Token Unit TA/17/20;17/04/2024;A1720
VI-2402-4526;06/02/2024;50000;Token Unit TD/17/16;17/04/2024;D1716
VI-2402-4528;06/02/2024;50000;Token Unit TA/05/26;17/04/2024;A0526
VI-2402-4529;06/02/2024;50000;Token Unit TD/22/15;17/04/2024;D2215
VI-2402-4530;06/02/2024;50000;Token Unit TA/10/28;17/04/2024;A1028
VI-2402-4533;06/02/2024;50000;Token Unit TD/23/03;17/04/2024;D2303
VI-2402-4534;06/02/2024;50000;Token Unit TB/02/22;17/04/2024;B0222
VI-2402-4535;06/02/2024;50000;Token Unit TA/22/05;17/04/2024;A2205
VI-2402-4541;06/02/2024;50000;Token Unit TB/20/31;17/04/2024;B2031
VI-2402-4546;06/02/2024;100000;Token Unit TC/19/16;17/04/2024;C1916
VI-2402-4559;06/02/2024;200000;Token Unit TD/08/32;17/04/2024;D0832
VI-2402-4560;06/02/2024;50000;Token Unit TC/07/16;17/04/2024;C0716
VI-2402-4561;06/02/2024;100000;Token Unit TC/12/06;17/04/2024;C1206
VI-2402-4562;06/02/2024;100000;Token Unit TA/12/29;17/04/2024;A1229
VI-2402-4563;06/02/2024;50000;Token Unit TC/05/28;17/04/2024;C0528
VI-2402-4564;06/02/2024;100000;Token Unit TB/16/06;17/04/2024;B1606
VI-2402-4565;06/02/2024;200000;Token Unit TA/06/02;17/04/2024;A0602
VI-2402-4566;06/02/2024;100000;Token Unit TD/08/08;17/04/2024;D0808
VI-2402-4567;06/02/2024;50000;Token Unit TD/17/03;17/04/2024;D1703
VI-2402-4571;07/02/2024;50000;Token Unit TC/22/03;17/04/2024;C2203
VI-2402-4572;07/02/2024;100000;Token Unit TC/07/11;17/04/2024;C0711
VI-2402-4574;07/02/2024;100000;Token Unit TB/19/03;17/04/2024;B1903
VI-2402-4575;07/02/2024;100000;Token Unit TA/06/19;17/04/2024;A0619
VI-2402-4577;07/02/2024;100000;Token Unit TD/02/07;17/04/2024;D0207
VI-2402-4578;07/02/2024;100000;Token Unit TA/21/09;17/04/2024;A2109
VI-2402-4580;07/02/2024;100000;Token Unit TB/10/05;17/04/2024;B1005
VI-2402-4582;07/02/2024;50000;Token Unit TC/03/28;17/04/2024;C0328
VI-2402-4585;07/02/2024;50000;Token Unit TB/18/16;17/04/2024;B1816
VI-2402-4587;07/02/2024;100000;Token Unit TD/03/17;17/04/2024;D0317
VI-2404-0049;16/04/2024;100000;Token Unit TD/09/05;17/04/2024;D0905
VI-2404-0050;16/04/2024;50000;Token Unit TD/19/07;17/04/2024;D1907
VI-2404-0051;16/04/2024;200000;Token Unit TD/19/07;17/04/2024;D1907
VI-2404-0052;16/04/2024;400000;Token Unit TC/07/30;17/04/2024;C0730
VI-2404-0053;16/04/2024;100000;Token Unit TD/21/01;17/04/2024;D2101
VI-2404-0054;16/04/2024;100000;Token Unit TC/06/21;17/04/2024;C0621
VI-2404-0055;16/04/2024;100000;Token Unit TD/09/05;17/04/2024;D0905
VI-2404-0056;16/04/2024;50000;Token Unit TD/19/07;17/04/2024;D1907
VI-2404-0057;16/04/2024;200000;Token Unit TD/19/07;17/04/2024;D1907
VI-2404-0058;16/04/2024;400000;Token Unit TC/07/30;17/04/2024;C0730
VI-2404-0059;16/04/2024;100000;Token Unit TD/21/01;17/04/2024;D2101
VI-2404-0060;16/04/2024;100000;Token Unit TC/06/21;17/04/2024;C0621
VI-2404-0061;16/04/2024;100000;Token Unit TC/09/23;17/04/2024;C0923
VI-2404-0062;16/04/2024;200000;Token Unit TC/09/23;17/04/2024;C0923
VI-2404-0063;16/04/2024;99414;Token Unit TC/09/23;17/04/2024;C0923
VI-2404-0064;16/04/2024;100000;Token Unit TC/09/23;17/04/2024;C0923
VI-2404-0065;16/04/2024;100000;Token Unit TC/09/23;17/04/2024;C0923
VI-2404-0066;16/04/2024;50000;Token Unit TD/09/34;17/04/2024;D0934
VI-2404-0067;16/04/2024;50000;Token Unit TD/09/34;17/04/2024;D0934
VI-2404-0068;16/04/2024;50000;Token Unit TD/09/34;17/04/2024;D0934
VI-2404-0069;16/04/2024;100000;Token Unit TC/09/24;17/04/2024;C0924
VI-2404-0070;16/04/2024;100000;Token Unit TC/09/24;17/04/2024;C0924
VI-2404-0071;16/04/2024;50000;Token Unit TC/09/24;17/04/2024;C0924
VI-2404-0072;16/04/2024;50000;Token Unit TC/09/24;17/04/2024;C0924
VI-2404-0073;16/04/2024;50000;Token Unit TA/17/07;17/04/2024;A1707
VI-2404-0074;16/04/2024;50000;Token Unit TA/17/07;17/04/2024;A1707
VI-2404-0075;16/04/2024;50000;Token Unit TC/18/25;17/04/2024;C1825
VI-2404-0076;16/04/2024;50000;Token Unit TC/18/25;17/04/2024;C1825
VI-2404-0077;16/04/2024;100000;Token Unit TC/18/25;17/04/2024;C1825
VI-2404-0078;16/04/2024;100000;Token Unit TC/18/25;17/04/2024;C1825
VI-2404-0079;16/04/2024;100000;Token Unit TC/15/16;17/04/2024;C1516
VI-2404-0080;16/04/2024;100000;Token Unit TC/15/16;17/04/2024;C1516
VI-2404-0081;16/04/2024;100000;Token Unit TD/23/23;17/04/2024;D2323
VI-2404-0082;16/04/2024;100000;Token Unit TA/01/01;17/04/2024;A0101
VI-2404-0083;16/04/2024;198828;Token Unit TA/01/01;17/04/2024;A0101
VI-2404-0084;16/04/2024;50000;Token Unit TA/01/01;17/04/2024;A0101
VI-2404-0085;16/04/2024;200000;Token Unit TA/01/01;17/04/2024;A0101
VI-2404-0086;16/04/2024;100000;Token Unit TC/15/20;17/04/2024;C1520
VI-2404-0087;16/04/2024;100000;Token Unit TC/15/20;17/04/2024;C1520
VI-2404-0088;16/04/2024;100000;Token Unit TD/11/33;17/04/2024;D1133
VI-2404-0089;16/04/2024;50000;Token Unit TD/11/33;17/04/2024;D1133
VI-2404-0090;16/04/2024;50000;Token Unit TB/09/34;17/04/2024;B0934
VI-2404-0091;16/04/2024;50000;Token Unit TB/09/34;17/04/2024;B0934
VI-2404-0092;16/04/2024;50000;Token Unit TB/09/34;17/04/2024;B0934
VI-2404-0093;16/04/2024;50000;Token Unit TB/09/34;17/04/2024;B0934
VI-2404-0094;16/04/2024;50000;Token Unit TB/09/34;17/04/2024;B0934
VI-2404-0095;16/04/2024;100000;Token Unit TB/08/22;17/04/2024;B0822
VI-2404-0096;16/04/2024;200000;Token Unit TA/22/27;17/04/2024;A2227
VI-2404-0097;16/04/2024;100000;Token Unit TD/10/18;17/04/2024;D1018
VI-2404-0098;16/04/2024;50000;Token Unit TC/01/23;17/04/2024;C0123
VI-2404-0099;16/04/2024;50000;Token Unit TC/01/23;17/04/2024;C0123
VI-2404-0100;16/04/2024;100000;Token Unit TB/03/18;17/04/2024;B0318
VI-2404-0101;16/04/2024;500000;Token Unit TB/03/18;17/04/2024;B0318
VI-2404-0102;16/04/2024;50000;Token Unit TB/03/18;17/04/2024;B0318
VI-2404-0103;16/04/2024;300000;Token Unit TB/03/18;17/04/2024;B0318
VI-2404-0104;16/04/2024;50000;Token Unit TA/07/32;17/04/2024;A0732
VI-2404-0105;16/04/2024;100000;Token Unit TB/18/16;17/04/2024;B1816
VI-2404-0106;16/04/2024;50000;Token Unit TB/18/16;17/04/2024;B1816
VI-2404-0107;16/04/2024;50000;Token Unit TB/18/16;17/04/2024;B1816
VI-2404-0108;16/04/2024;50000;Token Unit TB/18/16;17/04/2024;B1816
VI-2404-0109;16/04/2024;100000;Token Unit TA/21/05;17/04/2024;A2105
VI-2404-0110;16/04/2024;150000;Token Unit TA/21/05;17/04/2024;A2105
VI-2404-0111;16/04/2024;200000;Token Unit TA/21/05;17/04/2024;A2105
VI-2404-0112;16/04/2024;50000;Token Unit TA/21/05;17/04/2024;A2105
VI-2404-0113;16/04/2024;400000;Token Unit TB/02/23;17/04/2024;B0223
VI-2404-0114;16/04/2024;200000;Token Unit TA/21/27;17/04/2024;A2127
VI-2404-0115;16/04/2024;50000;Token Unit TD/05/12;17/04/2024;D0512
VI-2404-0116;16/04/2024;50000;Token Unit TD/05/12;17/04/2024;D0512
VI-2404-0117;16/04/2024;150000;Token Unit TD/05/12;17/04/2024;D0512
VI-2404-0118;16/04/2024;50000;Token Unit TB/09/24;17/04/2024;B0924
VI-2404-0119;16/04/2024;50000;Token Unit TB/09/24;17/04/2024;B0924
VI-2404-0120;16/04/2024;300000;Token Unit TB/09/24;17/04/2024;B0924
VI-2404-0121;16/04/2024;100000;Token Unit TB/09/24;17/04/2024;B0924
VI-2404-0122;16/04/2024;50000;Token Unit TB/09/24;17/04/2024;B0924
VI-2404-0123;16/04/2024;100000;Token Unit TB/09/24;17/04/2024;B0924
VI-2404-0124;16/04/2024;100000;Token Unit TB/09/24;17/04/2024;B0924
VI-2404-0125;16/04/2024;100000;Token Unit TB/09/24;17/04/2024;B0924
VI-2404-0126;16/04/2024;50000;Token Unit TB/09/24;17/04/2024;B0924
VI-2404-0127;16/04/2024;50000;Token Unit TB/09/24;17/04/2024;B0924
VI-2404-0128;16/04/2024;50000;Token Unit TA/22/29;17/04/2024;A2229
VI-2404-0129;16/04/2024;50000;Token Unit TA/06/19;17/04/2024;A0619
VI-2404-0130;16/04/2024;100000;Token Unit TA/06/19;17/04/2024;A0619
VI-2404-0131;16/04/2024;50000;Token Unit TB/11/07;17/04/2024;B1107
VI-2404-0132;16/04/2024;165690;Token Unit TB/11/07;17/04/2024;B1107
VI-2404-0133;16/04/2024;50000;Token Unit TB/11/07;17/04/2024;B1107
VI-2404-0134;16/04/2024;50000;Token Unit TB/11/07;17/04/2024;B1107
VI-2404-0135;16/04/2024;50000;Token Unit TD/02/30;17/04/2024;D0230
VI-2404-0136;16/04/2024;50000;Token Unit TC/12/01;17/04/2024;C1201
VI-2404-0137;16/04/2024;50000;Token Unit TC/09/01;17/04/2024;C0901
VI-2404-0138;16/04/2024;50000;Token Unit TD/16/23;17/04/2024;D1623
VI-2404-0139;16/04/2024;50000;Token Unit TD/16/23;17/04/2024;D1623
VI-2404-0140;16/04/2024;50000;Token Unit TD/16/23;17/04/2024;D1623
VI-2404-0141;16/04/2024;50000;Token Unit TD/16/23;17/04/2024;D1623
VI-2404-0142;16/04/2024;50000;Token Unit TA/06/22;17/04/2024;A0622
VI-2404-0143;16/04/2024;50000;Token Unit TA/06/22;17/04/2024;A0622
VI-2404-0144;16/04/2024;50000;Token Unit TA/06/22;17/04/2024;A0622
VI-2404-0145;16/04/2024;50000;Token Unit TA/06/22;17/04/2024;A0622
VI-2404-0146;16/04/2024;200000;Token Unit TB/02/17;17/04/2024;B0217
VI-2404-0147;16/04/2024;50000;Token Unit TB/02/17;17/04/2024;B0217
VI-2404-0148;16/04/2024;50000;Token Unit TB/02/17;17/04/2024;B0217
VI-2404-0149;16/04/2024;50000;Token Unit TB/02/17;17/04/2024;B0217
VI-2404-0150;16/04/2024;100000;Token Unit TD/18/08;17/04/2024;D1808
VI-2404-0151;16/04/2024;250000;Token Unit TD/18/08;17/04/2024;D1808
VI-2404-0152;16/04/2024;50000;Token Unit TA/10/28;17/04/2024;A1028
VI-2404-0153;16/04/2024;50000;Token Unit TA/10/28;17/04/2024;A1028
VI-2404-0154;16/04/2024;50000;Token Unit TA/10/28;17/04/2024;A1028
VI-2404-0155;16/04/2024;50000;Token Unit TB/16/15;17/04/2024;B1615
VI-2404-0156;16/04/2024;50000;Token Unit TB/16/15;17/04/2024;B1615
VI-2404-0157;16/04/2024;50000;Token Unit TB/16/15;17/04/2024;B1615
VI-2404-0158;16/04/2024;50000;Token Unit TB/16/15;17/04/2024;B1615
VI-2404-0159;16/04/2024;50000;Token Unit TB/16/15;17/04/2024;B1615
VI-2404-0160;16/04/2024;50000;Token Unit TB/16/15;17/04/2024;B1615
VI-2404-0161;16/04/2024;100000;Token Unit TB/16/15;17/04/2024;B1615
VI-2404-0162;16/04/2024;100000;Token Unit TB/16/15;17/04/2024;B1615
VI-2404-0163;16/04/2024;50000;Token Unit TB/16/15;17/04/2024;B1615
VI-2404-0164;16/04/2024;50000;Token Unit TB/16/15;17/04/2024;B1615
VI-2404-0165;16/04/2024;50000;Token Unit TB/15/03;17/04/2024;B1503
VI-2404-0166;16/04/2024;50000;Token Unit TB/06/23;17/04/2024;B0623
VI-2404-0167;16/04/2024;50000;Token Unit TB/06/23;17/04/2024;B0623
VI-2404-0168;16/04/2024;50000;Token Unit TB/06/23;17/04/2024;B0623
VI-2404-0169;16/04/2024;100000;Token Unit TB/06/23;17/04/2024;B0623
VI-2404-0170;16/04/2024;100000;Token Unit TB/06/23;17/04/2024;B0623
VI-2404-0171;16/04/2024;100000;Token Unit TB/06/23;17/04/2024;B0623
VI-2404-0172;16/04/2024;100000;Token Unit TB/06/23;17/04/2024;B0623
VI-2404-0173;16/04/2024;100000;Token Unit TB/06/23;17/04/2024;B0623
VI-2404-0174;16/04/2024;100000;Token Unit TA/18/22;17/04/2024;A1822
VI-2404-0175;16/04/2024;100000;Token Unit TA/18/22;17/04/2024;A1822
VI-2404-0176;16/04/2024;100000;Token Unit TA/18/22;17/04/2024;A1822
VI-2404-0177;16/04/2024;50000;Token Unit TA/18/22;17/04/2024;A1822
VI-2404-0178;16/04/2024;50000;Token Unit TA/18/22;17/04/2024;A1822
VI-2404-0179;16/04/2024;150000;Token Unit TA/18/22;17/04/2024;A1822
VI-2404-0180;16/04/2024;100000;Token Unit TA/18/22;17/04/2024;A1822
VI-2404-0181;16/04/2024;150000;Token Unit TB/12/28;17/04/2024;B1228
VI-2404-0182;16/04/2024;50000;Token Unit TB/12/28;17/04/2024;B1228
VI-2404-0183;16/04/2024;500000;Token Unit TD/19/29;17/04/2024;D1929
VI-2404-0184;16/04/2024;51548;Token Unit TD/19/29;17/04/2024;D1929
VI-2404-0185;16/04/2024;50000;Token Unit TD/19/29;17/04/2024;D1929
VI-2404-0186;16/04/2024;50000;Token Unit TD/19/29;17/04/2024;D1929
VI-2404-0187;16/04/2024;50000;Token Unit TD/19/29;17/04/2024;D1929
VI-2404-0188;16/04/2024;200000;Token Unit TC/11/12;17/04/2024;C1112
VI-2404-0189;16/04/2024;100000;Token Unit TC/11/12;17/04/2024;C1112
VI-2404-0190;16/04/2024;50000;Token Unit TC/11/12;17/04/2024;C1112
VI-2404-0191;16/04/2024;50000;Token Unit TC/11/12;17/04/2024;C1112
VI-2404-0192;16/04/2024;50000;Token Unit TC/11/12;17/04/2024;C1112
VI-2404-0193;16/04/2024;68117;Token Unit TC/11/12;17/04/2024;C1112
VI-2404-0194;16/04/2024;100000;Token Unit TC/11/12;17/04/2024;C1112
VI-2404-0195;16/04/2024;50000;Token Unit TC/11/12;17/04/2024;C1112
VI-2404-0196;16/04/2024;100000;Token Unit TC/11/12;17/04/2024;C1112
VI-2404-0197;16/04/2024;100000;Token Unit TB/02/02;17/04/2024;B0202
VI-2404-0198;16/04/2024;200000;Token Unit TC/22/18;17/04/2024;C2218
VI-2404-0199;16/04/2024;50000;Token Unit TC/22/18;17/04/2024;C2218
VI-2404-0200;16/04/2024;50000;Token Unit TC/22/18;17/04/2024;C2218
VI-2404-0201;16/04/2024;50000;Token Unit TC/22/18;17/04/2024;C2218
VI-2404-0202;16/04/2024;100000;Token Unit TA/21/01;17/04/2024;A2101
VI-2404-0203;16/04/2024;200000;Token Unit TB/21/18;17/04/2024;B2118
VI-2404-0204;16/04/2024;200000;Token Unit TB/21/18;17/04/2024;B2118
VI-2404-0205;16/04/2024;100000;Token Unit TB/21/18;17/04/2024;B2118
VI-2404-0206;16/04/2024;50000;Token Unit TB/10/05;17/04/2024;B1005
VI-2404-0207;16/04/2024;100000;Token Unit TB/01/28;17/04/2024;B0128
VI-2404-0208;16/04/2024;100000;Token Unit TD/09/05;17/04/2024;D0905
VI-2404-0209;16/04/2024;50000;Token Unit TD/19/07;17/04/2024;D1907
VI-2404-0210;16/04/2024;200000;Token Unit TD/19/07;17/04/2024;D1907
VI-2404-0211;16/04/2024;400000;Token Unit TC/07/30;17/04/2024;C0730
VI-2404-0212;16/04/2024;100000;Token Unit TD/21/01;17/04/2024;D2101
VI-2404-0213;16/04/2024;100000;Token Unit TC/06/21;17/04/2024;C0621
VI-2404-0214;16/04/2024;100000;Token Unit TC/09/23;17/04/2024;C0923
VI-2404-0215;16/04/2024;200000;Token Unit TC/09/23;17/04/2024;C0923
VI-2404-0216;16/04/2024;99414;Token Unit TC/09/23;17/04/2024;C0923
VI-2404-0217;16/04/2024;100000;Token Unit TC/09/23;17/04/2024;C0923
VI-2404-0218;16/04/2024;100000;Token Unit TC/09/23;17/04/2024;C0923
VI-2404-0219;16/04/2024;50000;Token Unit TD/09/34;17/04/2024;D0934
VI-2404-0220;16/04/2024;50000;Token Unit TD/09/34;17/04/2024;D0934
VI-2404-0221;16/04/2024;50000;Token Unit TD/09/34;17/04/2024;D0934
VI-2404-0222;16/04/2024;100000;Token Unit TC/09/24;17/04/2024;C0924
VI-2404-0223;16/04/2024;100000;Token Unit TC/09/24;17/04/2024;C0924
VI-2404-0224;16/04/2024;50000;Token Unit TC/09/24;17/04/2024;C0924
VI-2404-0225;16/04/2024;50000;Token Unit TC/09/24;17/04/2024;C0924
VI-2404-0226;16/04/2024;50000;Token Unit TA/17/07;17/04/2024;A1707
VI-2404-0227;16/04/2024;50000;Token Unit TA/17/07;17/04/2024;A1707
VI-2404-0228;16/04/2024;50000;Token Unit TC/18/25;17/04/2024;C1825
VI-2404-0229;16/04/2024;50000;Token Unit TC/18/25;17/04/2024;C1825
VI-2404-0230;16/04/2024;100000;Token Unit TC/18/25;17/04/2024;C1825
VI-2404-0231;16/04/2024;100000;Token Unit TC/18/25;17/04/2024;C1825
VI-2404-0232;16/04/2024;100000;Token Unit TC/15/16;17/04/2024;C1516
VI-2404-0233;16/04/2024;100000;Token Unit TC/15/16;17/04/2024;C1516
VI-2404-0234;16/04/2024;100000;Token Unit TD/23/23;17/04/2024;D2323
VI-2404-0235;16/04/2024;100000;Token Unit TA/01/01;17/04/2024;A0101
VI-2404-0236;16/04/2024;198828;Token Unit TA/01/01;17/04/2024;A0101
VI-2404-0237;16/04/2024;50000;Token Unit TA/01/01;17/04/2024;A0101
VI-2404-0238;16/04/2024;200000;Token Unit TA/01/01;17/04/2024;A0101
VI-2404-0239;16/04/2024;100000;Token Unit TC/15/20;17/04/2024;C1520
VI-2404-0240;16/04/2024;100000;Token Unit TC/15/20;17/04/2024;C1520
VI-2404-0241;16/04/2024;100000;Token Unit TD/11/33;17/04/2024;D1133
VI-2404-0242;16/04/2024;50000;Token Unit TD/11/33;17/04/2024;D1133
VI-2404-0243;16/04/2024;50000;Token Unit TB/09/34;17/04/2024;B0934
VI-2404-0244;16/04/2024;50000;Token Unit TB/09/34;17/04/2024;B0934
VI-2404-0245;16/04/2024;50000;Token Unit TB/09/34;17/04/2024;B0934
VI-2404-0246;16/04/2024;50000;Token Unit TB/09/34;17/04/2024;B0934
VI-2404-0247;16/04/2024;50000;Token Unit TB/09/34;17/04/2024;B0934
VI-2404-0248;16/04/2024;100000;Token Unit TB/08/22;17/04/2024;B0822
VI-2404-0249;16/04/2024;200000;Token Unit TA/22/27;17/04/2024;A2227
VI-2404-0250;16/04/2024;100000;Token Unit TD/10/18;17/04/2024;D1018
VI-2404-0251;16/04/2024;50000;Token Unit TC/01/23;17/04/2024;C0123
VI-2404-0252;16/04/2024;50000;Token Unit TC/01/23;17/04/2024;C0123
VI-2404-0253;16/04/2024;100000;Token Unit TB/03/18;17/04/2024;B0318
VI-2404-0254;16/04/2024;500000;Token Unit TB/03/18;17/04/2024;B0318
VI-2404-0255;16/04/2024;50000;Token Unit TB/03/18;17/04/2024;B0318
VI-2404-0256;16/04/2024;300000;Token Unit TB/03/18;17/04/2024;B0318
VI-2404-0257;16/04/2024;50000;Token Unit TA/07/32;17/04/2024;A0732
VI-2404-0258;16/04/2024;100000;Token Unit TB/18/16;17/04/2024;B1816
VI-2404-0259;16/04/2024;50000;Token Unit TB/18/16;17/04/2024;B1816
VI-2404-0260;16/04/2024;50000;Token Unit TB/18/16;17/04/2024;B1816
VI-2404-0261;16/04/2024;50000;Token Unit TB/18/16;17/04/2024;B1816
VI-2404-0262;16/04/2024;100000;Token Unit TA/21/05;17/04/2024;A2105
VI-2404-0263;16/04/2024;150000;Token Unit TA/21/05;17/04/2024;A2105
VI-2404-0264;16/04/2024;200000;Token Unit TA/21/05;17/04/2024;A2105
VI-2404-0265;16/04/2024;50000;Token Unit TA/21/05;17/04/2024;A2105
VI-2404-0266;16/04/2024;400000;Token Unit TB/02/23;17/04/2024;B0223
VI-2404-0267;16/04/2024;200000;Token Unit TA/21/27;17/04/2024;A2127
VI-2404-0268;16/04/2024;50000;Token Unit TD/05/12;17/04/2024;D0512
VI-2404-0269;16/04/2024;50000;Token Unit TD/05/12;17/04/2024;D0512
VI-2404-0270;16/04/2024;150000;Token Unit TD/05/12;17/04/2024;D0512
VI-2404-0271;16/04/2024;50000;Token Unit TB/09/24;17/04/2024;B0924
VI-2404-0272;16/04/2024;50000;Token Unit TB/09/24;17/04/2024;B0924
VI-2404-0273;16/04/2024;300000;Token Unit TB/09/24;17/04/2024;B0924
VI-2404-0274;16/04/2024;100000;Token Unit TB/09/24;17/04/2024;B0924
VI-2404-0275;16/04/2024;50000;Token Unit TB/09/24;17/04/2024;B0924
VI-2404-0276;16/04/2024;100000;Token Unit TB/09/24;17/04/2024;B0924
VI-2404-0277;16/04/2024;100000;Token Unit TB/09/24;17/04/2024;B0924
VI-2404-0278;16/04/2024;100000;Token Unit TB/09/24;17/04/2024;B0924
VI-2404-0279;16/04/2024;50000;Token Unit TB/09/24;17/04/2024;B0924
VI-2404-0280;16/04/2024;50000;Token Unit TB/09/24;17/04/2024;B0924
VI-2404-0281;16/04/2024;50000;Token Unit TA/22/29;17/04/2024;A2229
VI-2404-0282;16/04/2024;50000;Token Unit TA/06/19;17/04/2024;A0619
VI-2404-0283;16/04/2024;100000;Token Unit TA/06/19;17/04/2024;A0619
VI-2404-0284;16/04/2024;50000;Token Unit TB/11/07;17/04/2024;B1107
VI-2404-0285;16/04/2024;165690;Token Unit TB/11/07;17/04/2024;B1107
VI-2404-0286;16/04/2024;50000;Token Unit TB/11/07;17/04/2024;B1107
VI-2404-0287;16/04/2024;50000;Token Unit TB/11/07;17/04/2024;B1107
VI-2404-0288;16/04/2024;50000;Token Unit TD/02/30;17/04/2024;D0230
VI-2404-0289;16/04/2024;50000;Token Unit TC/12/01;17/04/2024;C1201
VI-2404-0290;16/04/2024;50000;Token Unit TC/09/01;17/04/2024;C0901
VI-2404-0291;16/04/2024;50000;Token Unit TD/16/23;17/04/2024;D1623
VI-2404-0292;16/04/2024;50000;Token Unit TD/16/23;17/04/2024;D1623
VI-2404-0293;16/04/2024;50000;Token Unit TD/16/23;17/04/2024;D1623
VI-2404-0294;16/04/2024;50000;Token Unit TD/16/23;17/04/2024;D1623
VI-2404-0295;16/04/2024;50000;Token Unit TA/06/22;17/04/2024;A0622
VI-2404-0296;16/04/2024;50000;Token Unit TA/06/22;17/04/2024;A0622
VI-2404-0297;16/04/2024;50000;Token Unit TA/06/22;17/04/2024;A0622
VI-2404-0298;16/04/2024;50000;Token Unit TA/06/22;17/04/2024;A0622
VI-2404-0299;16/04/2024;200000;Token Unit TB/02/17;17/04/2024;B0217
VI-2404-0300;16/04/2024;50000;Token Unit TB/02/17;17/04/2024;B0217
VI-2404-0301;16/04/2024;50000;Token Unit TB/02/17;17/04/2024;B0217
VI-2404-0302;16/04/2024;50000;Token Unit TB/02/17;17/04/2024;B0217
VI-2404-0303;16/04/2024;100000;Token Unit TD/18/08;17/04/2024;D1808
VI-2404-0304;16/04/2024;250000;Token Unit TD/18/08;17/04/2024;D1808
VI-2404-0305;16/04/2024;50000;Token Unit TA/10/28;17/04/2024;A1028
VI-2404-0306;16/04/2024;50000;Token Unit TA/10/28;17/04/2024;A1028
VI-2404-0307;16/04/2024;50000;Token Unit TA/10/28;17/04/2024;A1028
VI-2404-0308;16/04/2024;50000;Token Unit TB/16/15;17/04/2024;B1615
VI-2404-0309;16/04/2024;50000;Token Unit TB/16/15;17/04/2024;B1615
VI-2404-0310;16/04/2024;50000;Token Unit TB/16/15;17/04/2024;B1615
VI-2404-0311;16/04/2024;50000;Token Unit TB/16/15;17/04/2024;B1615
VI-2404-0312;16/04/2024;50000;Token Unit TB/16/15;17/04/2024;B1615
VI-2404-0313;16/04/2024;50000;Token Unit TB/16/15;17/04/2024;B1615
VI-2404-0314;16/04/2024;100000;Token Unit TB/16/15;17/04/2024;B1615
VI-2404-0315;16/04/2024;100000;Token Unit TB/16/15;17/04/2024;B1615
VI-2404-0316;16/04/2024;50000;Token Unit TB/16/15;17/04/2024;B1615
VI-2404-0317;16/04/2024;50000;Token Unit TB/16/15;17/04/2024;B1615
VI-2404-0318;16/04/2024;50000;Token Unit TB/15/03;17/04/2024;B1503
VI-2404-0319;16/04/2024;50000;Token Unit TB/06/23;17/04/2024;B0623
VI-2404-0320;16/04/2024;50000;Token Unit TB/06/23;17/04/2024;B0623
VI-2404-0321;16/04/2024;50000;Token Unit TB/06/23;17/04/2024;B0623
VI-2404-0322;16/04/2024;100000;Token Unit TB/06/23;17/04/2024;B0623
VI-2404-0323;16/04/2024;100000;Token Unit TB/06/23;17/04/2024;B0623
VI-2404-0324;16/04/2024;100000;Token Unit TB/06/23;17/04/2024;B0623
VI-2404-0325;16/04/2024;100000;Token Unit TB/06/23;17/04/2024;B0623
VI-2404-0326;16/04/2024;100000;Token Unit TB/06/23;17/04/2024;B0623
VI-2404-0327;16/04/2024;100000;Token Unit TA/18/22;17/04/2024;A1822
VI-2404-0328;16/04/2024;100000;Token Unit TA/18/22;17/04/2024;A1822
VI-2404-0329;16/04/2024;100000;Token Unit TA/18/22;17/04/2024;A1822
VI-2404-0330;16/04/2024;50000;Token Unit TA/18/22;17/04/2024;A1822
VI-2404-0331;16/04/2024;50000;Token Unit TA/18/22;17/04/2024;A1822
VI-2404-0332;16/04/2024;150000;Token Unit TA/18/22;17/04/2024;A1822
VI-2404-0333;16/04/2024;100000;Token Unit TA/18/22;17/04/2024;A1822
VI-2404-0334;16/04/2024;150000;Token Unit TB/12/28;17/04/2024;B1228
VI-2404-0335;16/04/2024;50000;Token Unit TB/12/28;17/04/2024;B1228
VI-2404-0336;16/04/2024;500000;Token Unit TD/19/29;17/04/2024;D1929
VI-2404-0337;16/04/2024;51548;Token Unit TD/19/29;17/04/2024;D1929
VI-2404-0338;16/04/2024;50000;Token Unit TD/19/29;17/04/2024;D1929
VI-2404-0339;16/04/2024;50000;Token Unit TD/19/29;17/04/2024;D1929
VI-2404-0340;16/04/2024;50000;Token Unit TD/19/29;17/04/2024;D1929
VI-2404-0341;16/04/2024;200000;Token Unit TC/11/12;17/04/2024;C1112
VI-2404-0342;16/04/2024;100000;Token Unit TC/11/12;17/04/2024;C1112
VI-2404-0343;16/04/2024;50000;Token Unit TC/11/12;17/04/2024;C1112
VI-2404-0344;16/04/2024;50000;Token Unit TC/11/12;17/04/2024;C1112
VI-2404-0345;16/04/2024;50000;Token Unit TC/11/12;17/04/2024;C1112
VI-2404-0346;16/04/2024;68117;Token Unit TC/11/12;17/04/2024;C1112
VI-2404-0347;16/04/2024;100000;Token Unit TC/11/12;17/04/2024;C1112
VI-2404-0348;16/04/2024;50000;Token Unit TC/11/12;17/04/2024;C1112
VI-2404-0349;16/04/2024;100000;Token Unit TC/11/12;17/04/2024;C1112
VI-2404-0350;16/04/2024;100000;Token Unit TB/02/02;17/04/2024;B0202
VI-2404-0351;16/04/2024;200000;Token Unit TC/22/18;17/04/2024;C2218
VI-2404-0352;16/04/2024;50000;Token Unit TC/22/18;17/04/2024;C2218
VI-2404-0353;16/04/2024;50000;Token Unit TC/22/18;17/04/2024;C2218
VI-2404-0354;16/04/2024;50000;Token Unit TC/22/18;17/04/2024;C2218
VI-2404-0355;16/04/2024;100000;Token Unit TA/21/01;17/04/2024;A2101
VI-2404-0356;16/04/2024;200000;Token Unit TB/21/18;17/04/2024;B2118
VI-2404-0357;16/04/2024;200000;Token Unit TB/21/18;17/04/2024;B2118
VI-2404-0358;16/04/2024;100000;Token Unit TB/21/18;17/04/2024;B2118
VI-2404-0359;16/04/2024;50000;Token Unit TB/10/05;17/04/2024;B1005
VI-2404-0360;16/04/2024;100000;Token Unit TB/01/28;17/04/2024;B0128
VI-2403-0156;01/03/2024;100000;Token Unit TD/12/12;17/04/2024;D1212
VI-2403-0157;01/03/2024;50000;Token Unit TA/06/12;17/04/2024;A0612
VI-2403-0158;01/03/2024;50000;Token Unit TC/06/24;17/04/2024;C0624
VI-2403-0161;01/03/2024;100000;Token Unit TA/15/29;17/04/2024;A1529
VI-2403-0162;01/03/2024;50000;Token Unit TC/07/08;17/04/2024;C0708
VI-2403-0167;01/03/2024;100000;Token Unit TC/22/30;17/04/2024;C2230
VI-2403-0173;01/03/2024;50000;Token Unit TD/21/08;17/04/2024;D2108
VI-2403-0175;01/03/2024;50000;Token Unit TA/18/32;17/04/2024;A1832
VI-2403-0178;01/03/2024;50000;Token Unit TB/23/26;17/04/2024;B2326
VI-2403-0179;01/03/2024;100000;Token Unit TC/15/22;17/04/2024;C1522
VI-2403-0180;01/03/2024;50000;Token Unit TB/09/29;17/04/2024;B0929
VI-2403-0181;01/03/2024;50000;Token Unit TC/18/33;17/04/2024;C1833
VI-2403-0185;01/03/2024;100000;Token Unit TD/07/12;17/04/2024;D0712
VI-2403-0189;01/03/2024;50000;Token Unit TA/09/01;17/04/2024;A0901
VI-2403-0190;01/03/2024;50000;Token Unit TC/21/23;17/04/2024;C2123
VI-2403-0200;01/03/2024;100000;Token Unit TD/10/12;17/04/2024;D1012
VI-2403-0203;01/03/2024;100000;Token Unit TC/09/08;17/04/2024;C0908
VI-2403-0205;01/03/2024;50000;Token Unit TD/22/22;17/04/2024;D2222
VI-2403-0206;01/03/2024;50000;Token Unit TA/18/16;17/04/2024;A1816
VI-2403-0207;01/03/2024;100000;Token Unit TC/22/03;17/04/2024;C2203
VI-2403-0210;01/03/2024;100000;Token Unit TA/21/01;17/04/2024;A2101
VI-2402-0305;02/02/2024;100000;Token Unit TA/11/29;17/04/2024;A1129
VI-2403-0213;01/03/2024;50000;Token Unit TC/20/17;17/04/2024;C2017
VI-2403-0216;01/03/2024;50000;Token Unit TD/08/01;17/04/2024;D0801
VI-2403-0224;01/03/2024;100000;Token Unit TA/21/09;17/04/2024;A2109
VI-2403-0226;01/03/2024;50000;Token Unit TA/06/33;17/04/2024;A0633
VI-2403-0227;01/03/2024;100000;Token Unit TC/05/11;17/04/2024;C0511
VI-2403-0228;01/03/2024;100000;Token Unit TB/06/28;17/04/2024;B0628
VI-2403-0229;01/03/2024;100000;Token Unit TA/23/21;17/04/2024;A2321
VI-2403-0230;01/03/2024;100000;Token Unit TC/09/24;17/04/2024;C0924
VI-2403-0231;01/03/2024;50000;Token Unit TD/09/34;17/04/2024;D0934
VI-2402-0271;02/02/2024;50000;Token Unit TB/02/18;17/04/2024;B0218
VI-2403-0235;01/03/2024;50000;Token Unit TB/08/05;17/04/2024;B0805
VI-2403-0237;01/03/2024;50000;Token Unit TC/12/11;17/04/2024;C1211
VI-2403-0238;01/03/2024;50000;Token Unit TA/17/08;17/04/2024;A1708
VI-2403-0239;01/03/2024;50000;Token Unit TB/12/10;17/04/2024;B1210
VI-2403-0240;01/03/2024;50000;Token Unit TA/11/33;17/04/2024;A1133
VI-2403-0245;01/03/2024;50000;Token Unit TB/20/23;17/04/2024;B2023
VI-2403-0247;01/03/2024;50000;Token Unit TB/17/16;17/04/2024;B1716
VI-2403-0252;01/03/2024;100000;Token Unit TA/03/26;17/04/2024;A0326
VI-2403-0255;01/03/2024;50000;Token Unit TA/15/16;17/04/2024;A1516
VI-2403-0256;01/03/2024;50000;Token Unit TD/23/02;17/04/2024;D2302
VI-2402-0235;02/02/2024;100000;Token Unit TD/06/15;17/04/2024;D0615
VI-2402-0416;03/02/2024;100000;Token Unit TC/06/06;17/04/2024;C0606
VI-2403-0257;01/03/2024;100000;Token Unit TD/03/10;17/04/2024;D0310
VI-2403-0259;01/03/2024;50000;Token Unit TA/22/05;17/04/2024;A2205
VI-2403-0260;01/03/2024;50000;Token Unit TB/02/18;17/04/2024;B0218
VI-2403-0264;01/03/2024;100000;Token Unit TC/05/16;17/04/2024;C0516
VI-2403-0266;01/03/2024;100000;Token Unit TC/09/32;17/04/2024;C0932
VI-2403-0269;01/03/2024;50000;Token Unit TC/06/33;17/04/2024;C0633
VI-2403-0270;01/03/2024;50000;Token Unit TA/03/25;17/04/2024;A0325
VI-2403-0272;01/03/2024;100000;Token Unit TB/11/11;17/04/2024;B1111
VI-2403-0273;01/03/2024;50000;Token Unit TB/18/24;17/04/2024;B1824
VI-2403-0278;01/03/2024;50000;Token Unit TA/22/15;17/04/2024;A2215
VI-2402-0105;01/02/2024;100000;Token Unit TD/11/33;17/04/2024;D1133
VI-2402-0306;02/02/2024;100000;Token Unit TB/12/29;17/04/2024;B1229
VI-2403-0280;01/03/2024;50000;Token Unit TD/02/09;17/04/2024;D0209
VI-2403-0281;01/03/2024;100000;Token Unit TA/22/27;17/04/2024;A2227
VI-2403-0285;01/03/2024;50000;Token Unit TA/09/07;17/04/2024;A0907
VI-2403-0287;01/03/2024;50000;Token Unit TA/20/31;17/04/2024;A2031
VI-2403-0289;01/03/2024;100000;Token Unit TA/18/17;17/04/2024;A1817
VI-2403-0294;01/03/2024;100000;Token Unit TD/09/02;17/04/2024;D0902
VI-2403-0296;01/03/2024;50000;Token Unit TD/16/29;17/04/2024;D1629
VI-2403-0300;01/03/2024;50000;Token Unit TB/12/24;17/04/2024;B1224
VI-2402-0224;02/02/2024;200000;Token Unit TA/10/05;17/04/2024;A1005
VI-2402-0397;03/02/2024;50000;Token Unit TD/15/24;17/04/2024;D1524
VI-2403-0303;01/03/2024;50000;Token Unit TA/10/01;17/04/2024;A1001
VI-2403-0304;01/03/2024;100000;Token Unit TB/20/10;17/04/2024;B2010
VI-2403-0305;01/03/2024;50000;Token Unit TA/20/18;17/04/2024;A2018
VI-2403-0310;01/03/2024;50000;Token Unit TD/07/05;17/04/2024;D0705
VI-2403-0311;01/03/2024;50000;Token Unit TD/17/09;17/04/2024;D1709
VI-2403-0317;01/03/2024;100000;Token Unit TC/22/29;17/04/2024;C2229
VI-2403-0320;01/03/2024;50000;Token Unit TC/19/22;17/04/2024;C1922
VI-2403-0321;01/03/2024;50000;Token Unit TC/22/24;17/04/2024;C2224
VI-2403-0325;01/03/2024;200000;Token Unit TA/02/08;17/04/2024;A0208
VI-2403-0326;01/03/2024;100000;Token Unit TD/15/09;17/04/2024;D1509
VI-2403-0331;01/03/2024;100000;Token Unit TD/06/26;17/04/2024;D0626
VI-2403-0335;02/03/2024;200000;Token Unit TC/20/25;17/04/2024;C2025
VI-2403-0338;02/03/2024;150000;Token Unit TC/05/28;17/04/2024;C0528
VI-2403-0340;02/03/2024;100000;Token Unit TA/01/05;17/04/2024;A0105
VI-2403-0342;02/03/2024;100000;Token Unit TA/05/19;17/04/2024;A0519
VI-2403-0344;02/03/2024;50000;Token Unit TD/07/05;17/04/2024;D0705
VI-2403-0347;02/03/2024;50000;Token Unit TB/05/28;17/04/2024;B0528
VI-2403-0348;02/03/2024;50000;Token Unit TC/19/01;17/04/2024;C1901
VI-2403-0349;02/03/2024;200000;Token Unit TD/17/17;17/04/2024;D1717
VI-2403-0352;02/03/2024;100000;Token Unit TB/05/16;17/04/2024;B0516
VI-2403-0353;02/03/2024;100000;Token Unit TB/12/32;17/04/2024;B1232
VI-2403-0358;02/03/2024;50000;Token Unit TD/18/22;17/04/2024;D1822
VI-2403-0359;02/03/2024;50000;Token Unit TD/17/10;17/04/2024;D1710
VI-2403-0362;02/03/2024;50000;Token Unit TB/19/18;17/04/2024;B1918
VI-2403-0366;02/03/2024;100000;Token Unit TA/20/27;17/04/2024;A2027
VI-2402-0085;01/02/2024;150000;Token Unit TB/21/18;17/04/2024;B2118
VI-2403-0371;02/03/2024;50000;Token Unit TB/20/31;17/04/2024;B2031
VI-2403-0375;02/03/2024;200000;Token Unit TB/09/26;17/04/2024;B0926
VI-2403-0386;02/03/2024;50000;Token Unit TA/03/34;17/04/2024;A0334
VI-2403-0387;02/03/2024;50000;Token Unit TB/11/06;17/04/2024;B1106
VI-2403-0389;02/03/2024;50000;Token Unit TD/09/26;17/04/2024;D0926
VI-2403-0391;02/03/2024;50000;Token Unit TB/10/15;17/04/2024;B1015
VI-2403-0392;02/03/2024;50000;Token Unit TA/16/08;17/04/2024;A1608
VI-2402-0253;02/02/2024;50000;Token Unit TA/10/32;17/04/2024;A1032
VI-2403-0404;02/03/2024;50000;Token Unit TD/16/12;17/04/2024;D1612
VI-2403-0405;02/03/2024;100000;Token Unit TC/17/29;17/04/2024;C1729
VI-2403-0408;02/03/2024;50000;Token Unit TA/10/27;17/04/2024;A1027
VI-2403-0409;02/03/2024;50000;Token Unit TB/07/20;17/04/2024;B0720
VI-2403-0410;02/03/2024;50000;Token Unit TC/18/31;17/04/2024;C1831
VI-2403-0414;02/03/2024;100000;Token Unit TA/11/28;17/04/2024;A1128
VI-2403-0415;02/03/2024;100000;Token Unit TB/12/29;17/04/2024;B1229
VI-2403-0416;02/03/2024;100000;Token Unit TB/22/09;17/04/2024;B2209
VI-2402-0086;01/02/2024;50000;Token Unit TB/18/16;17/04/2024;B1816
VI-2402-0400;03/02/2024;50000;Token Unit TD/12/25;17/04/2024;D1225
VI-2403-0418;02/03/2024;100000;Token Unit TC/06/08;17/04/2024;C0608
VI-2403-0419;02/03/2024;100000;Token Unit TD/19/09;17/04/2024;D1909
VI-2403-0427;02/03/2024;50000;Token Unit TD/21/07;17/04/2024;D2107
VI-2403-0428;02/03/2024;200000;Token Unit TA/10/05;17/04/2024;A1005
VI-2403-0433;02/03/2024;50000;Token Unit TB/19/34;17/04/2024;B1934
VI-2403-0434;02/03/2024;50000;Token Unit TD/11/33;17/04/2024;D1133
VI-2403-0437;02/03/2024;50000;Token Unit TB/07/09;17/04/2024;B0709
VI-2403-0438;02/03/2024;50000;Token Unit TD/06/08;17/04/2024;D0608
VI-2403-0440;02/03/2024;50000;Token Unit TC/15/15;17/04/2024;C1515
VI-2403-0441;02/03/2024;50000;Token Unit TA/05/33;17/04/2024;A0533
VI-2403-0445;02/03/2024;100000;Token Unit TA/07/22;17/04/2024;A0722
VI-2403-0450;02/03/2024;50000;Token Unit TA/05/03;17/04/2024;A0503
VI-2403-0453;02/03/2024;200000;Token Unit TB/17/27;17/04/2024;B1727
VI-2403-0454;02/03/2024;200000;Token Unit TD/10/23;17/04/2024;D1023
VI-2403-0460;02/03/2024;50000;Token Unit TA/16/01;17/04/2024;A1601
VI-2403-0461;02/03/2024;50000;Token Unit TD/23/16;17/04/2024;D2316
VI-2403-0462;02/03/2024;50000;Token Unit TC/01/16;17/04/2024;C0116
VI-2402-0087;01/02/2024;50000;Token Unit TA/01/33;17/04/2024;A0133
VI-2402-0276;02/02/2024;100000;Token Unit TD/10/28;17/04/2024;D1028
VI-2403-0464;03/03/2024;100000;Token Unit TB/20/34;17/04/2024;B2034
VI-2403-0465;03/03/2024;100000;Token Unit TA/10/11;17/04/2024;A1011
VI-2403-0466;03/03/2024;50000;Token Unit TA/23/25;17/04/2024;A2325
VI-2403-0467;03/03/2024;50000;Token Unit TC/09/24;17/04/2024;C0924
VI-2403-0471;03/03/2024;100000;Token Unit TD/10/18;17/04/2024;D1018
VI-2403-0473;03/03/2024;50000;Token Unit TC/10/34;17/04/2024;C1034
VI-2403-0475;03/03/2024;50000;Token Unit TC/01/20;17/04/2024;C0120
VI-2403-0476;03/03/2024;100000;Token Unit TC/15/20;17/04/2024;C1520
VI-2403-0477;03/03/2024;50000;Token Unit TC/11/25;17/04/2024;C1125
VI-2403-0481;03/03/2024;100000;Token Unit TA/12/34;17/04/2024;A1234
VI-2403-0483;03/03/2024;100000;Token Unit TB/12/09;17/04/2024;B1209
VI-2402-0307;02/02/2024;50000;Token Unit TD/19/29;17/04/2024;D1929
VI-2403-0485;03/03/2024;150000;Token Unit TA/19/10;17/04/2024;A1910
VI-2403-0486;03/03/2024;100000;Token Unit TB/10/19;17/04/2024;B1019
VI-2403-0487;03/03/2024;50000;Token Unit TC/12/21;17/04/2024;C1221
VI-2403-0488;03/03/2024;200000;Token Unit TC/19/11;17/04/2024;C1911
VI-2403-0489;03/03/2024;100000;Token Unit TD/10/22;17/04/2024;D1022
VI-2403-0494;03/03/2024;50000;Token Unit TA/05/29;17/04/2024;A0529
VI-2403-0495;03/03/2024;300000;Token Unit TC/07/20;17/04/2024;C0720
VI-2403-0497;03/03/2024;50000;Token Unit TC/11/26;17/04/2024;C1126
VI-2403-0498;03/03/2024;100000;Token Unit TD/18/15;17/04/2024;D1815
VI-2403-0499;03/03/2024;50000;Token Unit TD/06/07;17/04/2024;D0607
VI-2403-0500;03/03/2024;50000;Token Unit TA/07/20;17/04/2024;A0720
VI-2403-0502;03/03/2024;50000;Token Unit TA/08/32;17/04/2024;A0832
VI-2403-0508;03/03/2024;100000;Token Unit TC/07/19;17/04/2024;C0719
VI-2403-0513;03/03/2024;100000;Token Unit TD/17/03;17/04/2024;D1703
VI-2403-0515;03/03/2024;50000;Token Unit TC/10/27;17/04/2024;C1027
VI-2403-0519;03/03/2024;50000;Token Unit TD/12/19;17/04/2024;D1219
VI-2403-0521;03/03/2024;100000;Token Unit TB/16/34;17/04/2024;B1634
VI-2403-0524;03/03/2024;50000;Token Unit TC/22/24;17/04/2024;C2224
VI-2403-0525;03/03/2024;50000;Token Unit TA/03/06;17/04/2024;A0306
VI-2403-0526;03/03/2024;100000;Token Unit TB/08/22;17/04/2024;B0822
VI-2403-0527;03/03/2024;100000;Token Unit TB/02/07;17/04/2024;B0207
VI-2402-0277;02/02/2024;50000;Token Unit TA/06/10;17/04/2024;A0610
VI-2403-0530;03/03/2024;50000;Token Unit TB/15/33;17/04/2024;B1533
VI-2403-0533;03/03/2024;50000;Token Unit TC/09/11;17/04/2024;C0911
VI-2403-0534;03/03/2024;50000;Token Unit TA/20/02;17/04/2024;A2002
VI-2403-0536;03/03/2024;200000;Token Unit TD/01/05;17/04/2024;D0105
VI-2403-0537;03/03/2024;100000;Token Unit TB/01/19;17/04/2024;B0119
VI-2403-0540;03/03/2024;100000;Token Unit TB/06/01;17/04/2024;B0601
VI-2403-0541;03/03/2024;50000;Token Unit TD/05/12;17/04/2024;D0512
VI-2403-0542;03/03/2024;100000;Token Unit TA/11/24;17/04/2024;A1124
VI-2403-0545;03/03/2024;50000;Token Unit TA/03/25;17/04/2024;A0325
VI-2403-0548;03/03/2024;100000;Token Unit TD/06/15;17/04/2024;D0615
VI-2403-0550;03/03/2024;100000;Token Unit TC/19/34;17/04/2024;C1934
VI-2402-0199;01/02/2024;100000;Token Unit TD/12/31;17/04/2024;D1231
VI-2403-0552;03/03/2024;50000;Token Unit TC/06/02;17/04/2024;C0602
VI-2403-0555;03/03/2024;50000;Token Unit TA/15/21;17/04/2024;A1521
VI-2403-0561;03/03/2024;50000;Token Unit TB/10/05;17/04/2024;B1005
VI-2403-0565;03/03/2024;50000;Token Unit TC/01/03;17/04/2024;C0103
VI-2403-0566;03/03/2024;50000;Token Unit TC/21/18;17/04/2024;C2118
VI-2403-0571;03/03/2024;50000;Token Unit TC/03/24;17/04/2024;C0324
VI-2403-0574;03/03/2024;50000;Token Unit TA/10/30;17/04/2024;A1030
VI-2402-0142;01/02/2024;100000;Token Unit TB/01/28;17/04/2024;B0128
VI-2403-0575;03/03/2024;50000;Token Unit TC/09/05;17/04/2024;C0905
VI-2403-0578;03/03/2024;50000;Token Unit TA/12/16;17/04/2024;A1216
VI-2403-0579;03/03/2024;50000;Token Unit TD/21/02;17/04/2024;D2102
VI-2403-0581;03/03/2024;50000;Token Unit TD/19/10;17/04/2024;D1910
VI-2403-0585;03/03/2024;50000;Token Unit TD/22/22;17/04/2024;D2222
VI-2403-0589;03/03/2024;100000;Token Unit TC/03/05;17/04/2024;C0305
VI-2403-0591;03/03/2024;50000;Token Unit TC/18/07;17/04/2024;C1807
VI-2403-0592;03/03/2024;50000;Token Unit TD/23/17;17/04/2024;D2317
VI-2403-0594;03/03/2024;50000;Token Unit TC/09/01;17/04/2024;C0901
VI-2403-0596;03/03/2024;50000;Token Unit TC/19/22;17/04/2024;C1922
VI-2402-0106;01/02/2024;100000;Token Unit TD/06/08;17/04/2024;D0608
VI-2402-0417;03/02/2024;100000;Token Unit TC/09/25;17/04/2024;C0925
VI-2403-0598;03/03/2024;50000;Token Unit TC/06/33;17/04/2024;C0633
VI-2403-0600;04/03/2024;50000;Token Unit TB/16/10;17/04/2024;B1610
VI-2403-0601;04/03/2024;50000;Token Unit TA/15/34;17/04/2024;A1534
VI-2403-0606;04/03/2024;100000;Token Unit TA/12/12;17/04/2024;A1212
VI-2403-0608;04/03/2024;100000;Token Unit TB/18/25;17/04/2024;B1825
VI-2403-0612;04/03/2024;50000;Token Unit TD/12/25;17/04/2024;D1225
VI-2403-0619;04/03/2024;50000;Token Unit TB/18/03;17/04/2024;B1803
VI-2402-0254;02/02/2024;50000;Token Unit TA/10/30;17/04/2024;A1030
VI-2403-0624;04/03/2024;100000;Token Unit TC/18/25;17/04/2024;C1825
VI-2403-0626;04/03/2024;50000;Token Unit TB/22/18;17/04/2024;B2218
VI-2403-0627;04/03/2024;50000;Token Unit TD/17/08;17/04/2024;D1708
VI-2403-0630;04/03/2024;100000;Token Unit TD/07/29;17/04/2024;D0729
VI-2403-0633;04/03/2024;200000;Token Unit TA/02/19;17/04/2024;A0219
VI-2403-0635;04/03/2024;50000;Token Unit TB/09/29;17/04/2024;B0929
VI-2403-0636;04/03/2024;50000;Token Unit TC/15/11;17/04/2024;C1511
VI-2403-0637;04/03/2024;50000;Token Unit TC/18/33;17/04/2024;C1833
VI-2403-0641;04/03/2024;50000;Token Unit TB/18/10;17/04/2024;B1810
VI-2402-0170;01/02/2024;50000;Token Unit TC/09/01;17/04/2024;C0901
VI-2402-0347;03/02/2024;100000;Token Unit TC/06/20;17/04/2024;C0620
VI-2403-0647;04/03/2024;100000;Token Unit TC/06/20;17/04/2024;C0620
VI-2403-0659;04/03/2024;50000;Token Unit TA/17/20;17/04/2024;A1720
VI-2403-0660;04/03/2024;150000;Token Unit TB/16/26;17/04/2024;B1626
VI-2403-0662;04/03/2024;400000;Token Unit TD/21/17;17/04/2024;D2117
VI-2403-0665;04/03/2024;50000;Token Unit TA/20/11;17/04/2024;A2011
VI-2403-0666;04/03/2024;50000;Token Unit TA/23/23;17/04/2024;A2323
VI-2403-0667;04/03/2024;50000;Token Unit TB/15/08;17/04/2024;B1508
VI-2402-0255;02/02/2024;50000;Token Unit TB/02/06;17/04/2024;B0206
VI-2403-0669;04/03/2024;100000;Token Unit TD/16/24;17/04/2024;D1624
VI-2403-0670;04/03/2024;100000;Token Unit TB/06/05;17/04/2024;B0605
VI-2403-0672;04/03/2024;50000;Token Unit TD/19/29;17/04/2024;D1929
VI-2403-0673;04/03/2024;50000;Token Unit TA/09/07;17/04/2024;A0907
VI-2403-0674;04/03/2024;100000;Token Unit TC/03/18;17/04/2024;C0318
VI-2403-0681;04/03/2024;50000;Token Unit TB/21/31;17/04/2024;B2131
VI-2403-0682;04/03/2024;50000;Token Unit TD/16/23;17/04/2024;D1623
VI-2403-0685;04/03/2024;50000;Token Unit TA/06/22;17/04/2024;A0622
VI-2403-0686;04/03/2024;50000;Token Unit TA/06/09;17/04/2024;A0609
VI-2402-0171;01/02/2024;100000;Token Unit TD/12/03;17/04/2024;D1203
VI-2403-0691;04/03/2024;100000;Token Unit TD/09/09;17/04/2024;D0909
VI-2403-0693;04/03/2024;100000;Token Unit TD/22/10;17/04/2024;D2210
VI-2403-0695;04/03/2024;100000;Token Unit TA/07/33;17/04/2024;A0733
VI-2403-0696;04/03/2024;100000;Token Unit TD/23/12;17/04/2024;D2312
VI-2403-0699;04/03/2024;50000;Token Unit TD/23/21;17/04/2024;D2321
VI-2403-0701;04/03/2024;50000;Token Unit TA/10/28;17/04/2024;A1028
VI-2403-0706;04/03/2024;100000;Token Unit TD/09/18;17/04/2024;D0918
VI-2403-0709;04/03/2024;50000;Token Unit TD/16/12;17/04/2024;D1612
VI-2403-0714;04/03/2024;100000;Token Unit TB/19/16;17/04/2024;B1916
VI-2402-0278;02/02/2024;50000;Token Unit TA/09/01;17/04/2024;A0901
VI-2403-0717;04/03/2024;100000;Token Unit TB/11/22;17/04/2024;B1122
VI-2403-0718;04/03/2024;100000;Token Unit TD/03/10;17/04/2024;D0310
VI-2403-0724;04/03/2024;100000;Token Unit TC/06/12;17/04/2024;C0612
VI-2403-0727;04/03/2024;50000;Token Unit TA/15/30;17/04/2024;A1530
VI-2403-0728;04/03/2024;50000;Token Unit TB/02/02;17/04/2024;B0202
VI-2403-0729;04/03/2024;50000;Token Unit TB/18/16;17/04/2024;B1816
VI-2403-0730;04/03/2024;50000;Token Unit TB/02/11;17/04/2024;B0211
VI-2403-0731;04/03/2024;50000;Token Unit TA/21/18;17/04/2024;A2118
VI-2403-0735;04/03/2024;100000;Token Unit TA/23/29;17/04/2024;A2329
VI-2402-0279;02/02/2024;50000;Token Unit TC/21/23;17/04/2024;C2123
VI-2403-0738;04/03/2024;100000;Token Unit TB/11/07;17/04/2024;B1107
VI-2403-0739;05/03/2024;50000;Token Unit TD/21/01;17/04/2024;D2101
VI-2403-0740;05/03/2024;200000;Token Unit TC/22/19;17/04/2024;C2219
VI-2403-0743;05/03/2024;100000;Token Unit TB/01/26;17/04/2024;B0126
VI-2403-0754;05/03/2024;200000;Token Unit TA/12/12;17/04/2024;A1212
VI-2403-0755;05/03/2024;100000;Token Unit TB/11/01;17/04/2024;B1101
VI-2403-0756;05/03/2024;50000;Token Unit TC/23/19;17/04/2024;C2319
VI-2403-0757;05/03/2024;50000;Token Unit TC/22/30;17/04/2024;C2230
VI-2403-0758;05/03/2024;100000;Token Unit TD/06/16;17/04/2024;D0616
VI-2402-0280;02/02/2024;50000;Token Unit TA/11/33;17/04/2024;A1133
VI-2403-0760;05/03/2024;100000;Token Unit TA/12/10;17/04/2024;A1210
VI-2403-0761;05/03/2024;100000;Token Unit TC/11/34;17/04/2024;C1134
VI-2403-0764;05/03/2024;100000;Token Unit TD/17/33;17/04/2024;D1733
VI-2403-0766;05/03/2024;100000;Token Unit TB/20/07;17/04/2024;B2007
VI-2403-0767;05/03/2024;400000;Token Unit TA/12/01;17/04/2024;A1201
VI-2403-0768;05/03/2024;100000;Token Unit TD/18/22;17/04/2024;D1822
VI-2403-0771;05/03/2024;50000;Token Unit TC/08/23;17/04/2024;C0823
VI-2403-0775;05/03/2024;100000;Token Unit TC/05/12;17/04/2024;C0512
VI-2403-0779;05/03/2024;50000;Token Unit TD/07/09;17/04/2024;D0709
VI-2402-0281;02/02/2024;50000;Token Unit TD/05/12;17/04/2024;D0512
VI-2403-0785;05/03/2024;50000;Token Unit TB/19/34;17/04/2024;B1934
VI-2403-0786;05/03/2024;50000;Token Unit TB/08/31;17/04/2024;B0831
VI-2403-0790;05/03/2024;50000;Token Unit TD/21/02;17/04/2024;D2102
VI-2403-0792;05/03/2024;50000;Token Unit TA/18/16;17/04/2024;A1816
VI-2403-0794;05/03/2024;50000;Token Unit TA/08/25;17/04/2024;A0825
VI-2403-0795;05/03/2024;50000;Token Unit TC/18/31;17/04/2024;C1831
VI-2403-0796;05/03/2024;50000;Token Unit TB/02/27;17/04/2024;B0227
VI-2403-0797;05/03/2024;50000;Token Unit TC/06/33;17/04/2024;C0633
VI-2403-0799;05/03/2024;50000;Token Unit TA/10/27;17/04/2024;A1027
VI-2403-0801;05/03/2024;50000;Token Unit TB/07/20;17/04/2024;B0720
VI-2403-0802;05/03/2024;50000;Token Unit TC/07/17;17/04/2024;C0717
VI-2402-0309;02/02/2024;100000;Token Unit TB/23/07;17/04/2024;B2307
VI-2403-0805;05/03/2024;50000;Token Unit TD/17/16;17/04/2024;D1716
VI-2403-0806;05/03/2024;50000;Token Unit TA/05/26;17/04/2024;A0526
VI-2403-0810;05/03/2024;50000;Token Unit TA/10/28;17/04/2024;A1028
VI-2403-0812;05/03/2024;50000;Token Unit TD/22/15;17/04/2024;D2215
VI-2403-0817;05/03/2024;50000;Token Unit TB/09/34;17/04/2024;B0934
VI-2403-0819;05/03/2024;100000;Token Unit TC/06/16;17/04/2024;C0616
VI-2403-0823;05/03/2024;100000;Token Unit TB/18/10;17/04/2024;B1810
VI-2403-0826;05/03/2024;50000;Token Unit TB/01/33;17/04/2024;B0133
VI-2403-0838;05/03/2024;100000;Token Unit TD/01/33;17/04/2024;D0133
VI-2403-0839;05/03/2024;50000;Token Unit TB/19/23;17/04/2024;B1923
VI-2403-0840;05/03/2024;100000;Token Unit TB/23/07;17/04/2024;B2307
VI-2403-0842;05/03/2024;50000;Token Unit TA/10/07;17/04/2024;A1007
VI-2403-0843;05/03/2024;50000;Token Unit TC/11/25;17/04/2024;C1125
VI-2403-0844;05/03/2024;50000;Token Unit TB/12/24;17/04/2024;B1224
VI-2403-0845;05/03/2024;100000;Token Unit TB/15/22;17/04/2024;B1522
VI-2403-0846;05/03/2024;300000;Token Unit TC/06/30;17/04/2024;C0630
VI-2403-0847;05/03/2024;50000;Token Unit TA/03/24;17/04/2024;A0324
VI-2402-0176;01/02/2024;50000;Token Unit TA/10/28;17/04/2024;A1028
VI-2402-0349;03/02/2024;50000;Token Unit TB/11/20;17/04/2024;B1120
VI-2403-0852;05/03/2024;50000;Token Unit TA/02/26;17/04/2024;A0226
VI-2403-0853;05/03/2024;50000;Token Unit TC/09/24;17/04/2024;C0924
VI-2403-0854;05/03/2024;50000;Token Unit TD/09/34;17/04/2024;D0934
VI-2403-0855;05/03/2024;50000;Token Unit TB/03/22;17/04/2024;B0322
VI-2403-0856;05/03/2024;100000;Token Unit TC/15/33;17/04/2024;C1533
VI-2403-0860;05/03/2024;50000;Token Unit TB/19/18;17/04/2024;B1918
VI-2403-0861;05/03/2024;500000;Token Unit TA/11/20;17/04/2024;A1120
VI-2403-0863;05/03/2024;500000;Token Unit TB/02/23;17/04/2024;B0223
VI-2403-0864;05/03/2024;100000;Token Unit TA/16/29;17/04/2024;A1629
VI-2403-0866;05/03/2024;100000;Token Unit TB/11/20;17/04/2024;B1120
VI-2403-0868;05/03/2024;500000;Token Unit TD/12/12;17/04/2024;D1212
VI-2403-0871;05/03/2024;50000;Token Unit TB/15/03;17/04/2024;B1503
VI-2403-0875;05/03/2024;50000;Token Unit TB/05/16;17/04/2024;B0516
VI-2403-0876;05/03/2024;100000;Token Unit TB/03/28;17/04/2024;B0328
VI-2403-0877;05/03/2024;50000;Token Unit TA/06/19;17/04/2024;A0619
VI-2403-0878;05/03/2024;50000;Token Unit TC/05/31;17/04/2024;C0531
VI-2403-0879;06/03/2024;200000;Token Unit TB/07/11;17/04/2024;B0711
VI-2403-0880;06/03/2024;50000;Token Unit TC/07/16;17/04/2024;C0716
VI-2403-0882;06/03/2024;50000;Token Unit TA/10/01;17/04/2024;A1001
VI-2403-0885;06/03/2024;100000;Token Unit TC/21/21;17/04/2024;C2121
VI-2403-0891;06/03/2024;50000;Token Unit TA/09/01;17/04/2024;A0901
VI-2403-0893;06/03/2024;50000;Token Unit TB/15/01;17/04/2024;B1501
VI-2403-0894;06/03/2024;50000;Token Unit TB/05/28;17/04/2024;B0528
VI-2402-0201;01/02/2024;200000;Token Unit TD/12/34;17/04/2024;D1234
VI-2402-0362;03/02/2024;50000;Token Unit TA/15/29;17/04/2024;A1529
VI-2403-0895;06/03/2024;100000;Token Unit TA/02/31;17/04/2024;A0231
VI-2403-0900;06/03/2024;50000;Token Unit TC/01/23;17/04/2024;C0123
VI-2403-0901;06/03/2024;100000;Token Unit TC/19/16;17/04/2024;C1916
VI-2403-0902;06/03/2024;100000;Token Unit TD/20/23;17/04/2024;D2023
VI-2403-0904;06/03/2024;50000;Token Unit TB/22/18;17/04/2024;B2218
VI-2403-0906;06/03/2024;50000;Token Unit TD/16/10;17/04/2024;D1610
VI-2403-0909;06/03/2024;50000;Token Unit TA/21/01;17/04/2024;A2101
VI-2403-0911;06/03/2024;150000;Token Unit TD/19/20;17/04/2024;D1920
VI-2403-0917;06/03/2024;50000;Token Unit TC/15/31;17/04/2024;C1531
VI-2403-0918;06/03/2024;200000;Token Unit TD/20/05;17/04/2024;D2005
VI-2403-0922;06/03/2024;50000;Token Unit TA/05/29;17/04/2024;A0529
VI-2403-0923;06/03/2024;500000;Token Unit TB/07/09;17/04/2024;B0709
VI-2403-0931;06/03/2024;100000;Token Unit TC/16/17;17/04/2024;C1617
VI-2403-0933;06/03/2024;100000;Token Unit TC/19/02;17/04/2024;C1902
VI-2403-0934;06/03/2024;100000;Token Unit TD/03/15;17/04/2024;D0315
VI-2403-0935;06/03/2024;50000;Token Unit TC/19/22;17/04/2024;C1922
VI-2403-0937;06/03/2024;50000;Token Unit TC/12/01;17/04/2024;C1201
VI-2403-0938;06/03/2024;50000;Token Unit TB/02/20;17/04/2024;B0220
VI-2403-0940;06/03/2024;100000;Token Unit TB/22/15;17/04/2024;B2215
VI-2403-0944;06/03/2024;50000;Token Unit TA/22/05;17/04/2024;A2205
VI-2403-0947;06/03/2024;100000;Token Unit TB/11/11;17/04/2024;B1111
VI-2403-0948;06/03/2024;100000;Token Unit TA/10/24;17/04/2024;A1024
VI-2403-0949;06/03/2024;100000;Token Unit TA/16/03;17/04/2024;A1603
VI-2403-0954;06/03/2024;100000;Token Unit TA/11/28;17/04/2024;A1128
VI-2403-0955;06/03/2024;100000;Token Unit TA/18/22;17/04/2024;A1822
VI-2403-0956;06/03/2024;200000;Token Unit TA/06/05;17/04/2024;A0605
VI-2403-0957;06/03/2024;50000;Token Unit TC/01/05;17/04/2024;C0105
VI-2403-0958;06/03/2024;100000;Token Unit TA/11/22;17/04/2024;A1122
VI-2402-0107;01/02/2024;50000;Token Unit TA/12/34;17/04/2024;A1234
VI-2402-0310;02/02/2024;50000;Token Unit TB/07/24;17/04/2024;B0724
VI-2403-0966;06/03/2024;50000;Token Unit TC/07/08;17/04/2024;C0708
VI-2403-0969;06/03/2024;50000;Token Unit TD/17/09;17/04/2024;D1709
VI-2403-0977;06/03/2024;100000;Token Unit TA/15/07;17/04/2024;A1507
VI-2403-0979;06/03/2024;50000;Token Unit TB/20/23;17/04/2024;B2023
VI-2403-0980;06/03/2024;200000;Token Unit TA/01/32;17/04/2024;A0132
VI-2403-0983;07/03/2024;50000;Token Unit TD/08/08;17/04/2024;D0808
VI-2402-0219;02/02/2024;50000;Token Unit TB/15/07;17/04/2024;B1507
VI-2403-0989;07/03/2024;100000;Token Unit TD/07/12;17/04/2024;D0712
VI-2403-0991;07/03/2024;100000;Token Unit TC/21/15;17/04/2024;C2115
VI-2403-0992;07/03/2024;100000;Token Unit TC/07/05;17/04/2024;C0705
VI-2403-0993;07/03/2024;50000;Token Unit TD/16/12;17/04/2024;D1612
VI-2403-0996;07/03/2024;50000;Token Unit TC/19/01;17/04/2024;C1901
VI-2403-0997;07/03/2024;50000;Token Unit TC/21/23;17/04/2024;C2123
VI-2403-1002;07/03/2024;200000;Token Unit TD/05/31;17/04/2024;D0531
VI-2403-1007;07/03/2024;50000;Token Unit TB/17/16;17/04/2024;B1716
VI-2403-1009;07/03/2024;50000;Token Unit TA/02/25;17/04/2024;A0225
VI-2403-1011;07/03/2024;100000;Token Unit TC/09/24;17/04/2024;C0924
VI-2403-1014;07/03/2024;100000;Token Unit TC/06/24;17/04/2024;C0624
VI-2403-1015;07/03/2024;100000;Token Unit TB/16/03;17/04/2024;B1603
VI-2403-1018;07/03/2024;100000;Token Unit TD/06/26;17/04/2024;D0626
VI-2403-1019;07/03/2024;100000;Token Unit TC/10/18;17/04/2024;C1018
VI-2403-1021;07/03/2024;50000;Token Unit TA/20/02;17/04/2024;A2002
VI-2403-1022;07/03/2024;50000;Token Unit TC/02/26;17/04/2024;C0226
VI-2403-1023;07/03/2024;50000;Token Unit TB/16/27;17/04/2024;B1627
VI-2403-1026;07/03/2024;50000;Token Unit TA/20/31;17/04/2024;A2031
VI-2403-1027;07/03/2024;100000;Token Unit TB/12/29;17/04/2024;B1229
VI-2403-1030;07/03/2024;100000;Token Unit TC/20/18;17/04/2024;C2018
VI-2402-0202;01/02/2024;100000;Token Unit TA/08/25;17/04/2024;A0825
VI-2403-1032;07/03/2024;50000;Token Unit TA/17/08;17/04/2024;A1708
VI-2403-1035;07/03/2024;50000;Token Unit TC/19/12;17/04/2024;C1912
VI-2403-1040;07/03/2024;200000;Token Unit TA/07/05;17/04/2024;A0705
VI-2403-1041;07/03/2024;200000;Token Unit TA/11/07;17/04/2024;A1107
VI-2403-1042;07/03/2024;200000;Token Unit TA/18/29;17/04/2024;A1829
VI-2403-1047;07/03/2024;50000;Token Unit TC/18/33;17/04/2024;C1833
VI-2403-1054;07/03/2024;50000;Token Unit TB/17/20;17/04/2024;B1720
VI-2402-0145;01/02/2024;50000;Token Unit TA/06/22;17/04/2024;A0622
VI-2403-1055;07/03/2024;50000;Token Unit TA/05/33;17/04/2024;A0533
VI-2403-1061;07/03/2024;100000;Token Unit TD/03/03;17/04/2024;D0303
VI-2403-1063;07/03/2024;500000;Token Unit TB/01/02;17/04/2024;B0102
VI-2403-1065;07/03/2024;500000;Token Unit TB/01/02;17/04/2024;B0102
VI-2403-1068;07/03/2024;50000;Token Unit TA/05/24;17/04/2024;A0524
VI-2403-1069;07/03/2024;100000;Token Unit TD/03/17;17/04/2024;D0317
VI-2403-1070;07/03/2024;500000;Token Unit TB/01/02;17/04/2024;B0102
VI-2403-1072;07/03/2024;50000;Token Unit TA/06/22;17/04/2024;A0622
VI-2403-1077;07/03/2024;500000;Token Unit TB/01/02;17/04/2024;B0102
VI-2402-0285;02/02/2024;100000;Token Unit TC/21/17;17/04/2024;C2117
VI-2403-1079;07/03/2024;100000;Token Unit TD/07/05;17/04/2024;D0705
VI-2403-1080;07/03/2024;50000;Token Unit TA/20/28;17/04/2024;A2028
VI-2403-1082;07/03/2024;50000;Token Unit TA/15/33;17/04/2024;A1533
VI-2403-1085;07/03/2024;50000;Token Unit TB/09/24;17/04/2024;B0924
VI-2403-1086;07/03/2024;50000;Token Unit TB/12/10;17/04/2024;B1210
VI-2403-1095;07/03/2024;50000;Token Unit TB/16/09;17/04/2024;B1609
VI-2403-1098;07/03/2024;50000;Token Unit TC/21/18;17/04/2024;C2118
VI-2403-1100;07/03/2024;100000;Token Unit TA/06/10;17/04/2024;A0610
VI-2402-0089;01/02/2024;150000;Token Unit TB/17/34;17/04/2024;B1734
VI-2402-0286;02/02/2024;100000;Token Unit TB/02/07;17/04/2024;B0207
VI-2403-1103;07/03/2024;250000;Token Unit TD/12/34;17/04/2024;D1234
VI-2403-1104;07/03/2024;200000;Token Unit TC/15/25;17/04/2024;C1525
VI-2403-1105;07/03/2024;50000;Token Unit TA/06/33;17/04/2024;A0633
VI-2403-1106;07/03/2024;50000;Token Unit TA/12/29;17/04/2024;A1229
VI-2403-1108;07/03/2024;50000;Token Unit TB/19/33;17/04/2024;B1933
VI-2403-1109;07/03/2024;100000;Token Unit TD/18/03;17/04/2024;D1803
VI-2403-1112;07/03/2024;100000;Token Unit TB/23/15;17/04/2024;B2315
VI-2403-1117;07/03/2024;100000;Token Unit TB/09/07;17/04/2024;B0907
VI-2403-1119;07/03/2024;100000;Token Unit TC/15/22;17/04/2024;C1522
VI-2403-1123;07/03/2024;50000;Token Unit TB/08/20;17/04/2024;B0820
VI-2402-0108;01/02/2024;50000;Token Unit TD/02/30;17/04/2024;D0230
VI-2403-1124;07/03/2024;50000;Token Unit TD/02/07;17/04/2024;D0207
VI-2403-1125;07/03/2024;100000;Token Unit TA/10/29;17/04/2024;A1029
VI-2403-1126;07/03/2024;100000;Token Unit TB/21/28;17/04/2024;B2128
VI-2403-1129;08/03/2024;500000;Token Unit TB/02/31;17/04/2024;B0231
VI-2403-1131;08/03/2024;50000;Token Unit TA/07/20;17/04/2024;A0720
VI-2403-1134;08/03/2024;100000;Token Unit TC/15/23;17/04/2024;C1523
VI-2403-1136;08/03/2024;50000;Token Unit TB/23/26;17/04/2024;B2326
VI-2403-1139;08/03/2024;100000;Token Unit TA/10/11;17/04/2024;A1011
VI-2403-1140;08/03/2024;200000;Token Unit TD/17/26;17/04/2024;D1726
VI-2403-1143;08/03/2024;50000;Token Unit TA/01/22;17/04/2024;A0122
VI-2402-0372;03/02/2024;100000;Token Unit TC/02/31;17/04/2024;C0231
VI-2403-1149;08/03/2024;50000;Token Unit TA/17/07;17/04/2024;A1707
VI-2403-1151;08/03/2024;50000;Token Unit TB/22/18;17/04/2024;B2218
VI-2403-1152;08/03/2024;100000;Token Unit TC/18/25;17/04/2024;C1825
VI-2403-1154;08/03/2024;50000;Token Unit TA/19/34;17/04/2024;A1934
VI-2403-1156;08/03/2024;50000;Token Unit TB/15/01;17/04/2024;B1501
VI-2403-1157;08/03/2024;50000;Token Unit TB/05/28;17/04/2024;B0528
VI-2403-1160;08/03/2024;50000;Token Unit TD/22/22;17/04/2024;D2222
VI-2403-1163;08/03/2024;50000;Token Unit TD/05/12;17/04/2024;D0512
VI-2403-1166;08/03/2024;50000;Token Unit TA/18/16;17/04/2024;A1816
VI-2403-1167;08/03/2024;50000;Token Unit TD/05/16;17/04/2024;D0516
VI-2403-1168;08/03/2024;100000;Token Unit TC/21/17;17/04/2024;C2117
VI-2403-1169;08/03/2024;100000;Token Unit TB/19/16;17/04/2024;B1916
VI-2403-1172;08/03/2024;100000;Token Unit TB/18/03;17/04/2024;B1803
VI-2403-1174;08/03/2024;50000;Token Unit TD/09/26;17/04/2024;D0926
VI-2403-1175;08/03/2024;50000;Token Unit TB/10/15;17/04/2024;B1015
VI-2403-1178;08/03/2024;50000;Token Unit TA/09/07;17/04/2024;A0907
VI-2403-1180;08/03/2024;50000;Token Unit TA/05/29;17/04/2024;A0529
VI-2403-1183;08/03/2024;50000;Token Unit TC/06/33;17/04/2024;C0633
VI-2403-1184;08/03/2024;50000;Token Unit TA/03/25;17/04/2024;A0325
VI-2403-1185;08/03/2024;50000;Token Unit TC/18/31;17/04/2024;C1831
VI-2403-1189;08/03/2024;100000;Token Unit TC/11/31;17/04/2024;C1131
VI-2402-0203;01/02/2024;50000;Token Unit TB/12/28;17/04/2024;B1228
VI-2403-1194;08/03/2024;100000;Token Unit TB/20/09;17/04/2024;B2009
VI-2403-1195;08/03/2024;100000;Token Unit TB/20/31;17/04/2024;B2031
VI-2403-1196;08/03/2024;100000;Token Unit TA/08/31;17/04/2024;A0831
VI-2403-1197;08/03/2024;100000;Token Unit TC/06/06;17/04/2024;C0606
VI-2403-1199;08/03/2024;50000;Token Unit TB/11/06;17/04/2024;B1106
VI-2403-1201;08/03/2024;50000;Token Unit TB/02/18;17/04/2024;B0218
VI-2403-1204;08/03/2024;50000;Token Unit TB/02/22;17/04/2024;B0222
VI-2403-1205;08/03/2024;50000;Token Unit TA/03/34;17/04/2024;A0334
VI-2403-1208;08/03/2024;50000;Token Unit TC/18/07;17/04/2024;C1807
VI-2403-1211;08/03/2024;50000;Token Unit TA/05/03;17/04/2024;A0503
VI-2402-0111;01/02/2024;50000;Token Unit TD/19/10;17/04/2024;D1910
VI-2403-1213;08/03/2024;50000;Token Unit TB/08/31;17/04/2024;B0831
VI-2403-1215;08/03/2024;50000;Token Unit TD/23/02;17/04/2024;D2302
VI-2403-1216;08/03/2024;50000;Token Unit TB/18/24;17/04/2024;B1824
VI-2403-1219;08/03/2024;50000;Token Unit TD/12/23;17/04/2024;D1223
VI-2403-1227;08/03/2024;50000;Token Unit TD/16/23;17/04/2024;D1623
VI-2403-1228;08/03/2024;50000;Token Unit TC/09/01;17/04/2024;C0901
VI-2403-1234;08/03/2024;100000;Token Unit TB/22/09;17/04/2024;B2209
VI-2403-1235;08/03/2024;100000;Token Unit TC/19/16;17/04/2024;C1916
VI-2403-1239;08/03/2024;100000;Token Unit TD/08/10;17/04/2024;D0810
VI-2403-1244;08/03/2024;50000;Token Unit TB/02/17;17/04/2024;B0217
VI-2403-1254;08/03/2024;100000;Token Unit TD/23/23;17/04/2024;D2323
VI-2403-1255;08/03/2024;100000;Token Unit TA/01/01;17/04/2024;A0101
VI-2403-1258;08/03/2024;100000;Token Unit TC/15/16;17/04/2024;C1516
VI-2402-0220;02/02/2024;50000;Token Unit TC/19/22;17/04/2024;C1922
VI-2402-0387;03/02/2024;50000;Token Unit TC/06/24;17/04/2024;C0624
VI-2403-1262;08/03/2024;100000;Token Unit TA/02/15;17/04/2024;A0215
VI-2403-1263;08/03/2024;50000;Token Unit TD/23/03;17/04/2024;D2303
VI-2403-1266;08/03/2024;50000;Token Unit TA/22/15;17/04/2024;A2215
VI-2403-1267;08/03/2024;50000;Token Unit TD/22/20;17/04/2024;D2220
VI-2403-1269;08/03/2024;50000;Token Unit TC/12/11;17/04/2024;C1211
VI-2403-1270;08/03/2024;50000;Token Unit TD/11/33;17/04/2024;D1133
VI-2403-1271;08/03/2024;100000;Token Unit TC/22/30;17/04/2024;C2230
VI-2403-1273;08/03/2024;200000;Token Unit TB/07/31;17/04/2024;B0731
VI-2403-1276;08/03/2024;50000;Token Unit TB/02/02;17/04/2024;B0202
VI-2403-1277;08/03/2024;50000;Token Unit TB/09/29;17/04/2024;B0929
VI-2403-1278;08/03/2024;100000;Token Unit TC/09/08;17/04/2024;C0908
VI-2403-1279;08/03/2024;150000;Token Unit TD/15/18;17/04/2024;D1518
VI-2403-1280;08/03/2024;50000;Token Unit TB/16/10;17/04/2024;B1610
VI-2402-0214;01/02/2024;100000;Token Unit TC/06/12;17/04/2024;C0612
VI-2402-0381;03/02/2024;50000;Token Unit TC/19/01;17/04/2024;C1901
VI-2403-1283;08/03/2024;50000;Token Unit TC/01/23;17/04/2024;C0123
VI-2403-1284;08/03/2024;50000;Token Unit TB/16/34;17/04/2024;B1634
VI-2403-1285;08/03/2024;50000;Token Unit TC/16/11;17/04/2024;C1611
VI-2403-1287;08/03/2024;50000;Token Unit TA/07/30;17/04/2024;A0730
VI-2403-1294;09/03/2024;50000;Token Unit TB/11/03;17/04/2024;B1103
VI-2403-1295;09/03/2024;100000;Token Unit TA/15/21;17/04/2024;A1521
VI-2403-1296;09/03/2024;100000;Token Unit TB/11/01;17/04/2024;B1101
VI-2403-1299;09/03/2024;50000;Token Unit TB/08/22;17/04/2024;B0822
VI-2402-0356;03/02/2024;100000;Token Unit TD/08/09;17/04/2024;D0809
VI-2403-1307;09/03/2024;200000;Token Unit TA/01/20;17/04/2024;A0120
VI-2403-1309;09/03/2024;50000;Token Unit TD/10/12;17/04/2024;D1012
VI-2403-1310;09/03/2024;50000;Token Unit TD/02/30;17/04/2024;D0230
VI-2403-1311;09/03/2024;50000;Token Unit TB/20/15;17/04/2024;B2015
VI-2403-1312;09/03/2024;200000;Token Unit TC/05/09;17/04/2024;C0509
VI-2403-1315;09/03/2024;150000;Token Unit TB/11/22;17/04/2024;B1122
VI-2403-1316;09/03/2024;50000;Token Unit TD/19/10;17/04/2024;D1910
VI-2403-1318;09/03/2024;50000;Token Unit TA/17/20;17/04/2024;A1720
VI-2403-1321;09/03/2024;100000;Token Unit TC/09/23;17/04/2024;C0923
VI-2402-0405;03/02/2024;100000;Token Unit TC/22/03;17/04/2024;C2203
VI-2403-1328;09/03/2024;300000;Token Unit TC/11/12;17/04/2024;C1112
VI-2403-1333;09/03/2024;50000;Token Unit TA/10/07;17/04/2024;A1007
VI-2403-1334;09/03/2024;50000;Token Unit TC/09/11;17/04/2024;C0911
VI-2403-1336;09/03/2024;50000;Token Unit TB/02/27;17/04/2024;B0227
VI-2403-1337;09/03/2024;50000;Token Unit TA/10/27;17/04/2024;A1027
VI-2403-1338;09/03/2024;50000;Token Unit TA/01/27;17/04/2024;A0127
VI-2403-1340;09/03/2024;50000;Token Unit TB/19/03;17/04/2024;B1903
VI-2403-1345;09/03/2024;100000;Token Unit TA/08/08;17/04/2024;A0808
VI-2403-1346;09/03/2024;100000;Token Unit TD/10/05;17/04/2024;D1005
VI-2402-0288;02/02/2024;100000;Token Unit TD/07/12;17/04/2024;D0712
VI-2403-1349;09/03/2024;100000;Token Unit TC/02/23;17/04/2024;C0223
VI-2403-1350;09/03/2024;100000;Token Unit TB/11/20;17/04/2024;B1120
VI-2403-1353;09/03/2024;100000;Token Unit TB/12/09;17/04/2024;B1209
VI-2403-1356;09/03/2024;100000;Token Unit TD/06/29;17/04/2024;D0629
VI-2403-1357;09/03/2024;50000;Token Unit TA/20/11;17/04/2024;A2011
VI-2403-1358;09/03/2024;50000;Token Unit TA/20/18;17/04/2024;A2018
VI-2403-1360;09/03/2024;50000;Token Unit TD/19/07;17/04/2024;D1907
VI-2403-1364;09/03/2024;50000;Token Unit TA/15/16;17/04/2024;A1516
VI-2403-1366;09/03/2024;50000;Token Unit TC/07/08;17/04/2024;C0708
VI-2403-1367;09/03/2024;100000;Token Unit TB/16/18;17/04/2024;B1618
VI-2402-0374;03/02/2024;50000;Token Unit TD/21/02;17/04/2024;D2102
VI-2403-1378;09/03/2024;50000;Token Unit TC/09/25;17/04/2024;C0925
VI-2403-1379;09/03/2024;100000;Token Unit TA/11/21;17/04/2024;A1121
VI-2403-1380;09/03/2024;100000;Token Unit TC/16/28;17/04/2024;C1628
VI-2403-1388;09/03/2024;50000;Token Unit TA/05/33;17/04/2024;A0533
VI-2403-1391;09/03/2024;50000;Token Unit TA/03/06;17/04/2024;A0306
VI-2403-1395;09/03/2024;50000;Token Unit TA/10/30;17/04/2024;A1030
VI-2402-0443;03/02/2024;100000;Token Unit TA/11/28;17/04/2024;A1128
VI-2402-0445;03/02/2024;200000;Token Unit TD/05/31;17/04/2024;D0531
VI-2403-1396;09/03/2024;50000;Token Unit TA/16/08;17/04/2024;A1608
VI-2403-1402;09/03/2024;50000;Token Unit TA/21/09;17/04/2024;A2109
VI-2403-1403;09/03/2024;50000;Token Unit TB/12/24;17/04/2024;B1224
VI-2403-1408;09/03/2024;50000;Token Unit TB/10/05;17/04/2024;B1005
VI-2403-1410;09/03/2024;50000;Token Unit TD/17/16;17/04/2024;D1716
VI-2403-1412;09/03/2024;50000;Token Unit TA/05/26;17/04/2024;A0526
VI-2403-1413;09/03/2024;50000;Token Unit TD/22/15;17/04/2024;D2215
VI-2403-1415;09/03/2024;50000;Token Unit TD/16/12;17/04/2024;D1612
VI-2403-1417;09/03/2024;100000;Token Unit TD/06/15;17/04/2024;D0615
VI-2403-1431;10/03/2024;50000;Token Unit TA/09/01;17/04/2024;A0901
VI-2403-1433;10/03/2024;50000;Token Unit TC/21/23;17/04/2024;C2123
VI-2403-1434;10/03/2024;50000;Token Unit TB/09/34;17/04/2024;B0934
VI-2403-1437;10/03/2024;50000;Token Unit TC/15/31;17/04/2024;C1531
VI-2403-1438;10/03/2024;50000;Token Unit TA/10/01;17/04/2024;A1001
VI-2403-1439;10/03/2024;50000;Token Unit TC/01/20;17/04/2024;C0120
VI-2403-1440;10/03/2024;100000;Token Unit TA/09/10;17/04/2024;A0910
VI-2403-1441;10/03/2024;100000;Token Unit TC/12/06;17/04/2024;C1206
VI-2403-1442;10/03/2024;100000;Token Unit TC/09/06;17/04/2024;C0906
VI-2403-1444;10/03/2024;50000;Token Unit TA/21/01;17/04/2024;A2101
VI-2403-1445;10/03/2024;100000;Token Unit TC/06/08;17/04/2024;C0608
VI-2403-1449;10/03/2024;50000;Token Unit TB/03/22;17/04/2024;B0322
VI-2403-1450;10/03/2024;50000;Token Unit TC/09/24;17/04/2024;C0924
VI-2403-1451;10/03/2024;50000;Token Unit TD/09/34;17/04/2024;D0934
VI-2403-1455;10/03/2024;100000;Token Unit TC/22/24;17/04/2024;C2224
VI-2403-1456;10/03/2024;100000;Token Unit TB/07/30;17/04/2024;B0730
VI-2403-1457;10/03/2024;50000;Token Unit TC/11/25;17/04/2024;C1125
VI-2403-1458;10/03/2024;100000;Token Unit TB/22/10;17/04/2024;B2210
VI-2403-1459;10/03/2024;100000;Token Unit TA/03/26;17/04/2024;A0326
VI-2403-1463;10/03/2024;300000;Token Unit TA/02/09;17/04/2024;A0209
VI-2403-1464;10/03/2024;50000;Token Unit TA/08/32;17/04/2024;A0832
VI-2403-1467;10/03/2024;100000;Token Unit TC/02/15;17/04/2024;C0215
VI-2403-1469;10/03/2024;100000;Token Unit TD/15/24;17/04/2024;D1524
VI-2403-1475;10/03/2024;50000;Token Unit TB/03/12;17/04/2024;B0312
VI-2403-1476;10/03/2024;50000;Token Unit TC/15/20;17/04/2024;C1520
VI-2403-1487;10/03/2024;50000;Token Unit TB/17/20;17/04/2024;B1720
VI-2402-0147;01/02/2024;50000;Token Unit TD/06/07;17/04/2024;D0607
VI-2403-1488;10/03/2024;100000;Token Unit TD/09/05;17/04/2024;D0905
VI-2403-1489;10/03/2024;50000;Token Unit TA/07/29;17/04/2024;A0729
VI-2403-1494;10/03/2024;150000;Token Unit TB/09/33;17/04/2024;B0933
VI-2403-1497;10/03/2024;50000;Token Unit TC/18/30;17/04/2024;C1830
VI-2403-1498;10/03/2024;50000;Token Unit TA/06/19;17/04/2024;A0619
VI-2403-1502;10/03/2024;50000;Token Unit TC/20/17;17/04/2024;C2017
VI-2403-1507;10/03/2024;50000;Token Unit TD/08/01;17/04/2024;D0801
VI-2403-1513;10/03/2024;50000;Token Unit TB/20/23;17/04/2024;B2023
VI-2403-1517;10/03/2024;100000;Token Unit TB/02/17;17/04/2024;B0217
VI-2403-1525;10/03/2024;50000;Token Unit TD/21/07;17/04/2024;D2107
VI-2403-1526;10/03/2024;50000;Token Unit TC/11/33;17/04/2024;C1133
VI-2403-1528;10/03/2024;50000;Token Unit TD/21/08;17/04/2024;D2108
VI-2403-1530;10/03/2024;100000;Token Unit TA/11/33;17/04/2024;A1133
VI-2403-1533;10/03/2024;50000;Token Unit TA/22/05;17/04/2024;A2205
VI-2403-1537;10/03/2024;50000;Token Unit TA/16/09;17/04/2024;A1609
VI-2403-1544;10/03/2024;50000;Token Unit TC/12/01;17/04/2024;C1201
VI-2403-1546;10/03/2024;50000;Token Unit TA/02/26;17/04/2024;A0226
VI-2403-1551;10/03/2024;50000;Token Unit TA/10/28;17/04/2024;A1028
VI-2403-1555;10/03/2024;100000;Token Unit TB/11/11;17/04/2024;B1111
VI-2403-1556;10/03/2024;50000;Token Unit TA/05/26;17/04/2024;A0526
VI-2402-0437;03/02/2024;100000;Token Unit TB/11/07;17/04/2024;B1107
VI-2403-1560;10/03/2024;100000;Token Unit TB/12/32;17/04/2024;B1232
VI-2403-1561;10/03/2024;100000;Token Unit TD/16/25;17/04/2024;D1625
VI-2403-1564;10/03/2024;50000;Token Unit TB/02/06;17/04/2024;B0206
VI-2403-1565;10/03/2024;50000;Token Unit TD/02/09;17/04/2024;D0209
VI-2403-1569;10/03/2024;50000;Token Unit TC/07/16;17/04/2024;C0716
VI-2403-1570;10/03/2024;100000;Token Unit TA/16/01;17/04/2024;A1601
VI-2403-1572;10/03/2024;50000;Token Unit TD/12/19;17/04/2024;D1219
VI-2403-1574;10/03/2024;50000;Token Unit TD/17/09;17/04/2024;D1709
VI-2403-1575;10/03/2024;50000;Token Unit TA/06/22;17/04/2024;A0622
VI-2403-1576;10/03/2024;50000;Token Unit TA/06/09;17/04/2024;A0609
VI-2403-1579;10/03/2024;50000;Token Unit TB/12/24;17/04/2024;B1224
VI-2402-0205;01/02/2024;100000;Token Unit TB/21/28;17/04/2024;B2128
VI-2402-0365;03/02/2024;50000;Token Unit TD/07/09;17/04/2024;D0709
VI-2403-1582;10/03/2024;50000;Token Unit TC/01/03;17/04/2024;C0103
VI-2403-1584;10/03/2024;50000;Token Unit TC/10/34;17/04/2024;C1034
VI-2403-1588;10/03/2024;100000;Token Unit TC/22/03;17/04/2024;C2203
VI-2403-1589;10/03/2024;50000;Token Unit TA/07/32;17/04/2024;A0732
VI-2403-1591;10/03/2024;50000;Token Unit TD/17/10;17/04/2024;D1710
VI-2403-1594;10/03/2024;50000;Token Unit TB/19/18;17/04/2024;B1918
VI-2403-1595;11/03/2024;50000;Token Unit TC/19/22;17/04/2024;C1922
VI-2403-1602;11/03/2024;50000;Token Unit TC/19/01;17/04/2024;C1901
VI-2402-0229;02/02/2024;100000;Token Unit TC/12/28;17/04/2024;C1228
VI-2403-1607;11/03/2024;100000;Token Unit TB/17/08;17/04/2024;B1708
VI-2403-1614;11/03/2024;50000;Token Unit TD/18/03;17/04/2024;D1803
VI-2403-1615;11/03/2024;50000;Token Unit TB/02/17;17/04/2024;B0217
VI-2403-1618;11/03/2024;100000;Token Unit TA/02/10;17/04/2024;A0210
VI-2403-1620;11/03/2024;100000;Token Unit TC/16/19;17/04/2024;C1619
VI-2403-1621;11/03/2024;50000;Token Unit TB/17/16;17/04/2024;B1716
VI-2403-1622;11/03/2024;50000;Token Unit TC/12/21;17/04/2024;C1221
VI-2403-1623;11/03/2024;100000;Token Unit TA/16/06;17/04/2024;A1606
VI-2403-1624;11/03/2024;50000;Token Unit TD/05/12;17/04/2024;D0512
VI-2403-1626;11/03/2024;50000;Token Unit TA/18/16;17/04/2024;A1816
VI-2403-1628;11/03/2024;50000;Token Unit TD/18/05;17/04/2024;D1805
VI-2403-1635;11/03/2024;50000;Token Unit TB/12/10;17/04/2024;B1210
VI-2403-1636;11/03/2024;50000;Token Unit TD/19/29;17/04/2024;D1929
VI-2403-1637;11/03/2024;50000;Token Unit TB/18/10;17/04/2024;B1810
VI-2403-1638;11/03/2024;50000;Token Unit TB/02/07;17/04/2024;B0207
VI-2403-1640;11/03/2024;50000;Token Unit TD/10/01;17/04/2024;D1001
VI-2403-1641;11/03/2024;50000;Token Unit TB/21/10;17/04/2024;B2110
VI-2403-1643;11/03/2024;50000;Token Unit TA/03/34;17/04/2024;A0334
VI-2403-1645;11/03/2024;50000;Token Unit TA/23/23;17/04/2024;A2323
VI-2403-1647;11/03/2024;50000;Token Unit TB/15/08;17/04/2024;B1508
VI-2402-0240;02/02/2024;100000;Token Unit TB/05/16;17/04/2024;B0516
VI-2402-0421;03/02/2024;50000;Token Unit TC/02/23;17/04/2024;C0223
VI-2403-1650;11/03/2024;50000;Token Unit TD/23/16;17/04/2024;D2316
VI-2403-1654;11/03/2024;100000;Token Unit TA/21/05;17/04/2024;A2105
VI-2403-1655;11/03/2024;50000;Token Unit TD/23/17;17/04/2024;D2317
VI-2403-1657;11/03/2024;50000;Token Unit TC/18/07;17/04/2024;C1807
VI-2403-1659;11/03/2024;50000;Token Unit TB/07/20;17/04/2024;B0720
VI-2403-1663;11/03/2024;100000;Token Unit TA/07/33;17/04/2024;A0733
VI-2403-1666;11/03/2024;100000;Token Unit TC/23/15;17/04/2024;C2315
VI-2403-1668;11/03/2024;50000;Token Unit TA/11/29;17/04/2024;A1129
VI-2403-1670;11/03/2024;100000;Token Unit TC/17/29;17/04/2024;C1729
VI-2402-0408;03/02/2024;50000;Token Unit TD/16/12;17/04/2024;D1612
VI-2403-1671;11/03/2024;100000;Token Unit TC/18/17;17/04/2024;C1817
VI-2403-1674;11/03/2024;50000;Token Unit TB/10/15;17/04/2024;B1015
VI-2403-1677;11/03/2024;50000;Token Unit TC/09/05;17/04/2024;C0905
VI-2403-1678;11/03/2024;50000;Token Unit TA/10/32;17/04/2024;A1032
VI-2403-1681;11/03/2024;50000;Token Unit TD/21/02;17/04/2024;D2102
VI-2403-1686;11/03/2024;50000;Token Unit TB/15/03;17/04/2024;B1503
VI-2403-1687;11/03/2024;50000;Token Unit TC/15/01;17/04/2024;C1501
VI-2403-1688;11/03/2024;50000;Token Unit TD/08/08;17/04/2024;D0808
VI-2403-1695;11/03/2024;100000;Token Unit TD/09/09;17/04/2024;D0909
VI-2403-1696;11/03/2024;50000;Token Unit TA/17/07;17/04/2024;A1707
VI-2403-1703;11/03/2024;150000;Token Unit TC/01/30;17/04/2024;C0130
VI-2403-1709;11/03/2024;100000;Token Unit TD/22/15;17/04/2024;D2215
VI-2403-1710;11/03/2024;100000;Token Unit TD/09/29;17/04/2024;D0929
VI-2403-1711;11/03/2024;50000;Token Unit TC/08/18;17/04/2024;C0818
VI-2403-1716;12/03/2024;50000;Token Unit TA/18/32;17/04/2024;A1832
VI-2403-1718;12/03/2024;50000;Token Unit TD/10/18;17/04/2024;D1018
VI-2403-1719;12/03/2024;100000;Token Unit TD/20/30;17/04/2024;D2030
VI-2403-1721;12/03/2024;200000;Token Unit TB/05/05;17/04/2024;B0505
VI-2403-1722;12/03/2024;50000;Token Unit TD/12/01;17/04/2024;D1201
VI-2403-1726;12/03/2024;100000;Token Unit TB/20/10;17/04/2024;B2010
VI-2403-1727;12/03/2024;50000;Token Unit TD/21/01;17/04/2024;D2101
VI-2403-1729;12/03/2024;300000;Token Unit TC/19/19;17/04/2024;C1919
VI-2403-1733;12/03/2024;50000;Token Unit TC/06/02;17/04/2024;C0602
VI-2403-1734;12/03/2024;50000;Token Unit TA/17/08;17/04/2024;A1708
VI-2403-1735;12/03/2024;100000;Token Unit TD/09/02;17/04/2024;D0902
VI-2403-1736;12/03/2024;200000;Token Unit TC/02/15;17/04/2024;C0215
VI-2403-1738;12/03/2024;50000;Token Unit TC/20/07;17/04/2024;C2007
VI-2402-0252;02/02/2024;50000;Token Unit TB/23/26;17/04/2024;B2326
VI-2402-0430;03/02/2024;50000;Token Unit TC/12/21;17/04/2024;C1221
VI-2403-1744;12/03/2024;50000;Token Unit TC/07/08;17/04/2024;C0708
VI-2403-1746;12/03/2024;50000;Token Unit TB/17/34;17/04/2024;B1734
VI-2403-1747;12/03/2024;50000;Token Unit TB/22/18;17/04/2024;B2218
VI-2403-1748;12/03/2024;100000;Token Unit TA/11/28;17/04/2024;A1128
VI-2403-1751;12/03/2024;50000;Token Unit TD/17/16;17/04/2024;D1716
VI-2403-1756;12/03/2024;50000;Token Unit TA/15/30;17/04/2024;A1530
VI-2403-1759;12/03/2024;50000;Token Unit TC/15/15;17/04/2024;C1515
VI-2403-1760;12/03/2024;200000;Token Unit TC/05/12;17/04/2024;C0512
VI-2403-1762;12/03/2024;50000;Token Unit TD/08/01;17/04/2024;D0801
VI-2402-0291;02/02/2024;100000;Token Unit TD/09/09;17/04/2024;D0909
VI-2403-1763;12/03/2024;100000;Token Unit TB/06/01;17/04/2024;B0601
VI-2403-1765;12/03/2024;300000;Token Unit TB/11/33;17/04/2024;B1133
VI-2403-1766;12/03/2024;100000;Token Unit TA/19/34;17/04/2024;A1934
VI-2403-1767;12/03/2024;100000;Token Unit TC/05/16;17/04/2024;C0516
VI-2403-1771;12/03/2024;50000;Token Unit TB/07/09;17/04/2024;B0709
VI-2403-1772;12/03/2024;50000;Token Unit TB/17/09;17/04/2024;B1709
VI-2403-1779;12/03/2024;50000;Token Unit TB/10/05;17/04/2024;B1005
VI-2403-1780;12/03/2024;200000;Token Unit TB/20/16;17/04/2024;B2016
VI-2403-1783;12/03/2024;100000;Token Unit TC/12/28;17/04/2024;C1228
VI-2402-0292;02/02/2024;100000;Token Unit TC/06/16;17/04/2024;C0616
VI-2403-1787;12/03/2024;500000;Token Unit TD/21/26;17/04/2024;D2126
VI-2403-1790;12/03/2024;50000;Token Unit TA/21/18;17/04/2024;A2118
VI-2403-1791;12/03/2024;200000;Token Unit TC/21/25;17/04/2024;C2125
VI-2403-1792;12/03/2024;50000;Token Unit TC/01/23;17/04/2024;C0123
